id,label
Grey_Mold282.jpg,Grey Mold
Grey_Mold283.jpg,Grey Mold
Grey_Mold284.jpg,Grey Mold
Grey_Mold285.jpg,Grey Mold
Grey_Mold286.jpg,Grey Mold
Grey_Mold287.jpg,Grey Mold
Grey_Mold288.jpg,Grey Mold
Grey_Mold289.jpg,Grey Mold
Grey_Mold290.jpg,Grey Mold
Grey_Mold291.jpg,Grey Mold
Grey_Mold292.jpg,Grey Mold
Grey_Mold293.jpg,Grey Mold
Grey_Mold294.jpg,Grey Mold
Grey_Mold295.jpg,Grey Mold
Grey_Mold296.jpg,Grey Mold
Grey_Mold297.jpg,Grey Mold
Grey_Mold298.jpg,Grey Mold
Grey_Mold299.jpg,Grey Mold
Grey_Mold300.jpg,Grey Mold
Grey_Mold301.jpg,Grey Mold
Grey_Mold302.jpg,Grey Mold
Grey_Mold304.jpg,Grey Mold
Grey_Mold305.jpg,Grey Mold
Grey_Mold306.jpg,Grey Mold
Grey_Mold307.jpg,Grey Mold
Grey_Mold308.jpg,Grey Mold
Grey_Mold309.jpg,Grey Mold
Grey_Mold310.jpg,Grey Mold
Grey_Mold311.jpg,Grey Mold
Grey_Mold312.jpg,Grey Mold
Grey_Mold313.jpg,Grey Mold
Grey_Mold314.jpg,Grey Mold
Grey_Mold315.jpg,Grey Mold
Grey_Mold316.jpg,Grey Mold
Grey_Mold317.jpg,Grey Mold
Grey_Mold318.jpg,Grey Mold
Grey_Mold319.jpg,Grey Mold
Grey_Mold320.jpg,Grey Mold
Grey_Mold322.jpg,Grey Mold
Grey_Mold323.jpg,Grey Mold
Grey_Mold324.jpg,Grey Mold
Grey_Mold325.jpg,Grey Mold
Grey_Mold326.jpg,Grey Mold
Grey_Mold327.jpg,Grey Mold
Grey_Mold328.jpg,Grey Mold
Grey_Mold329.jpg,Grey Mold
Grey_Mold330.jpg,Grey Mold
Grey_Mold331.jpg,Grey Mold
Grey_Mold332.jpg,Grey Mold
Grey_Mold333.jpg,Grey Mold
Grey_Mold334.jpg,Grey Mold
Grey_Mold335.jpg,Grey Mold
Grey_Mold336.jpg,Grey Mold
Grey_Mold337.jpg,Grey Mold
Grey_Mold338.jpg,Grey Mold
Grey_Mold339.jpg,Grey Mold
Grey_Mold340.jpg,Grey Mold
Grey_Mold341.jpg,Grey Mold
Grey_Mold342.jpg,Grey Mold
Grey_Mold343.jpg,Grey Mold
grey_mold488.jpg,Grey Mold
grey_mold489.jpg,Grey Mold
grey_mold490.jpg,Grey Mold
grey_mold491.jpg,Grey Mold
grey_mold492.jpg,Grey Mold
grey_mold493.jpg,Grey Mold
grey_mold494.jpg,Grey Mold
grey_mold495.jpg,Grey Mold
grey_mold496.jpg,Grey Mold
grey_mold497.jpg,Grey Mold
grey_mold498.jpg,Grey Mold
grey_mold499.jpg,Grey Mold
grey_mold500.jpg,Grey Mold
grey_mold501.jpg,Grey Mold
grey_mold502.jpg,Grey Mold
grey_mold503.jpg,Grey Mold
grey_mold504.jpg,Grey Mold
grey_mold505.jpg,Grey Mold
grey_mold506.jpg,Grey Mold
grey_mold507.jpg,Grey Mold
grey_mold508.jpg,Grey Mold
grey_mold509.jpg,Grey Mold
grey_mold510.jpg,Grey Mold
grey_mold511.jpg,Grey Mold
grey_mold512.jpg,Grey Mold
grey_mold513.jpg,Grey Mold
grey_mold514.jpg,Grey Mold
grey_mold515.jpg,Grey Mold
grey_mold516.jpg,Grey Mold
grey_mold517.jpg,Grey Mold
grey_mold518.jpg,Grey Mold
grey_mold519.jpg,Grey Mold
grey_mold520.jpg,Grey Mold
grey_mold521.jpg,Grey Mold
grey_mold522.jpg,Grey Mold
grey_mold523.jpg,Grey Mold
grey_mold524.jpg,Grey Mold
grey_mold525.jpg,Grey Mold
grey_mold526.jpg,Grey Mold
grey_mold527.jpg,Grey Mold
grey_mold528.jpg,Grey Mold
grey_mold529.jpg,Grey Mold
grey_mold530.jpg,Grey Mold
grey_mold531.jpg,Grey Mold
grey_mold532.jpg,Grey Mold
grey_mold533.jpg,Grey Mold
grey_mold534.jpg,Grey Mold
grey_mold535.jpg,Grey Mold
grey_mold536.jpg,Grey Mold
grey_mold537.jpg,Grey Mold
grey_mold538.jpg,Grey Mold
grey_mold539.jpg,Grey Mold
grey_mold540.jpg,Grey Mold
grey_mold541.jpg,Grey Mold
grey_mold542.jpg,Grey Mold
grey_mold543.jpg,Grey Mold
grey_mold544.jpg,Grey Mold
grey_mold545.jpg,Grey Mold
grey_mold546.jpg,Grey Mold
grey_mold547.jpg,Grey Mold
grey_mold548.jpg,Grey Mold
grey_mold549.jpg,Grey Mold
grey_mold550.jpg,Grey Mold
grey_mold551.jpg,Grey Mold
grey_mold552.jpg,Grey Mold
grey_mold553.jpg,Grey Mold
grey_mold554.jpg,Grey Mold
grey_mold555.jpg,Grey Mold
grey_mold556.jpg,Grey Mold
grey_mold557.jpg,Grey Mold
grey_mold558.jpg,Grey Mold
grey_mold559.jpg,Grey Mold
grey_mold560.jpg,Grey Mold
grey_mold561.jpg,Grey Mold
grey_mold562.jpg,Grey Mold
grey_mold563.jpg,Grey Mold
grey_mold564.jpg,Grey Mold
grey_mold565.jpg,Grey Mold
grey_mold566.jpg,Grey Mold
grey_mold567.jpg,Grey Mold
grey_mold568.jpg,Grey Mold
grey_mold569.jpg,Grey Mold
grey_mold570.jpg,Grey Mold
grey_mold571.jpg,Grey Mold
grey_mold572.jpg,Grey Mold
grey_mold573.jpg,Grey Mold
grey_mold574.jpg,Grey Mold
grey_mold575.jpg,Grey Mold
grey_mold576.jpg,Grey Mold
grey_mold577.jpg,Grey Mold
grey_mold578.jpg,Grey Mold
grey_mold579.jpg,Grey Mold
grey_mold580.jpg,Grey Mold
grey_mold581.jpg,Grey Mold
grey_mold582.jpg,Grey Mold
grey_mold583.jpg,Grey Mold
grey_mold584.jpg,Grey Mold
grey_mold585.jpg,Grey Mold
grey_mold586.jpg,Grey Mold
grey_mold587.jpg,Grey Mold
grey_mold588.jpg,Grey Mold
grey_mold589.jpg,Grey Mold
grey_mold590.jpg,Grey Mold
grey_mold591.jpg,Grey Mold
grey_mold697.jpg,Grey Mold
grey_mold698.jpg,Grey Mold
grey_mold699.jpg,Grey Mold
grey_mold700.jpg,Grey Mold
grey_mold701.jpg,Grey Mold
grey_mold702.jpg,Grey Mold
grey_mold703.jpg,Grey Mold
grey_mold704.jpg,Grey Mold
grey_mold705.jpg,Grey Mold
grey_mold706.jpg,Grey Mold
grey_mold707.jpg,Grey Mold
grey_mold708.jpg,Grey Mold
grey_mold709.jpg,Grey Mold
grey_mold710.jpg,Grey Mold
grey_mold711.jpg,Grey Mold
grey_mold712.jpg,Grey Mold
grey_mold713.jpg,Grey Mold
grey_mold714.jpg,Grey Mold
grey_mold715.jpg,Grey Mold
grey_mold716.jpg,Grey Mold
grey_mold717.jpg,Grey Mold
grey_mold718.jpg,Grey Mold
grey_mold719.jpg,Grey Mold
grey_mold720.jpg,Grey Mold
grey_mold721.jpg,Grey Mold
grey_mold722.jpg,Grey Mold
grey_mold723.jpg,Grey Mold
grey_mold724.jpg,Grey Mold
grey_mold725.jpg,Grey Mold
grey_mold726.jpg,Grey Mold
grey_mold727.jpg,Grey Mold
grey_mold728.jpg,Grey Mold
grey_mold729.jpg,Grey Mold
grey_mold730.jpg,Grey Mold
grey_mold731.jpg,Grey Mold
grey_mold732.jpg,Grey Mold
grey_mold733.jpg,Grey Mold
grey_mold734.jpg,Grey Mold
grey_mold735.jpg,Grey Mold
grey_mold736.jpg,Grey Mold
grey_mold737.jpg,Grey Mold
grey_mold738.jpg,Grey Mold
grey_mold739.jpg,Grey Mold
grey_mold740.jpg,Grey Mold
grey_mold741.jpg,Grey Mold
grey_mold742.jpg,Grey Mold
grey_mold743.jpg,Grey Mold
grey_mold744.jpg,Grey Mold
grey_mold745.jpg,Grey Mold
grey_mold746.jpg,Grey Mold
grey_mold747.jpg,Grey Mold
grey_mold748.jpg,Grey Mold
grey_mold749.jpg,Grey Mold
grey_mold750.jpg,Grey Mold
grey_mold751.jpg,Grey Mold
grey_mold752.jpg,Grey Mold
grey_mold753.jpg,Grey Mold
grey_mold754.jpg,Grey Mold
grey_mold755.jpg,Grey Mold
grey_mold756.jpg,Grey Mold
grey_mold757.jpg,Grey Mold
grey_mold758.jpg,Grey Mold
grey_mold759.jpg,Grey Mold
grey_mold760.jpg,Grey Mold
grey_mold761.jpg,Grey Mold
grey_mold762.jpg,Grey Mold
grey_mold763.jpg,Grey Mold
grey_mold764.jpg,Grey Mold
grey_mold765.jpg,Grey Mold
grey_mold766.jpg,Grey Mold
grey_mold767.jpg,Grey Mold
grey_mold768.jpg,Grey Mold
grey_mold769.jpg,Grey Mold
grey_mold770.jpg,Grey Mold
grey_mold771.jpg,Grey Mold
grey_mold772.jpg,Grey Mold
grey_mold773.jpg,Grey Mold
grey_mold774.jpg,Grey Mold
grey_mold775.jpg,Grey Mold
grey_mold776.jpg,Grey Mold
grey_mold777.jpg,Grey Mold
grey_mold778.jpg,Grey Mold
grey_mold779.jpg,Grey Mold
grey_mold780.jpg,Grey Mold
grey_mold781.jpg,Grey Mold
grey_mold782.jpg,Grey Mold
grey_mold783.jpg,Grey Mold
grey_mold784.jpg,Grey Mold
grey_mold785.jpg,Grey Mold
grey_mold786.jpg,Grey Mold
grey_mold787.jpg,Grey Mold
grey_mold788.jpg,Grey Mold
grey_mold789.jpg,Grey Mold
grey_mold790.jpg,Grey Mold
grey_mold791.jpg,Grey Mold
grey_mold792.jpg,Grey Mold
grey_mold793.jpg,Grey Mold
grey_mold794.jpg,Grey Mold
grey_mold795.jpg,Grey Mold
grey_mold796.jpg,Grey Mold
grey_mold797.jpg,Grey Mold
grey_mold798.jpg,Grey Mold
grey_mold799.jpg,Grey Mold
grey_mold800.jpg,Grey Mold
grey_mold801.jpg,Grey Mold
grey_mold802.jpg,Grey Mold
grey_mold803.jpg,Grey Mold
grey_mold804.jpg,Grey Mold
grey_mold805.jpg,Grey Mold
grey_mold806.jpg,Grey Mold
grey_mold807.jpg,Grey Mold
grey_mold808.jpg,Grey Mold
grey_mold809.jpg,Grey Mold
grey_mold810.jpg,Grey Mold
grey_mold811.jpg,Grey Mold
grey_mold812.jpg,Grey Mold
grey_mold813.jpg,Grey Mold
grey_mold814.jpg,Grey Mold
grey_mold815.jpg,Grey Mold
grey_mold816.jpg,Grey Mold
grey_mold817.jpg,Grey Mold
grey_mold818.jpg,Grey Mold
grey_mold819.jpg,Grey Mold
grey_mold820.jpg,Grey Mold
grey_mold821.jpg,Grey Mold
grey_mold822.jpg,Grey Mold
grey_mold823.jpg,Grey Mold
grey_mold824.jpg,Grey Mold
grey_mold825.jpg,Grey Mold
grey_mold826.jpg,Grey Mold
grey_mold827.jpg,Grey Mold
grey_mold828.jpg,Grey Mold
grey_mold829.jpg,Grey Mold
grey_mold830.jpg,Grey Mold
grey_mold831.jpg,Grey Mold
grey_mold832.jpg,Grey Mold
grey_mold833.jpg,Grey Mold
grey_mold834.jpg,Grey Mold
grey_mold835.jpg,Grey Mold
grey_mold836.jpg,Grey Mold
grey_mold837.jpg,Grey Mold
grey_mold838.jpg,Grey Mold
grey_mold839.jpg,Grey Mold
grey_mold840.jpg,Grey Mold
grey_mold841.jpg,Grey Mold
grey_mold842.jpg,Grey Mold
grey_mold843.jpg,Grey Mold
grey_mold844.jpg,Grey Mold
grey_mold845.jpg,Grey Mold
grey_mold846.jpg,Grey Mold
grey_mold847.jpg,Grey Mold
grey_mold848.jpg,Grey Mold
grey_mold849.jpg,Grey Mold
grey_mold850.jpg,Grey Mold
grey_mold851.jpg,Grey Mold
grey_mold852.jpg,Grey Mold
grey_mold853.jpg,Grey Mold
grey_mold854.jpg,Grey Mold
grey_mold855.jpg,Grey Mold
grey_mold856.jpg,Grey Mold
grey_mold857.jpg,Grey Mold
grey_mold858.jpg,Grey Mold
grey_mold859.jpg,Grey Mold
grey_mold860.jpg,Grey Mold
grey_mold861.jpg,Grey Mold
grey_mold862.jpg,Grey Mold
grey_mold863.jpg,Grey Mold
grey_mold864.jpg,Grey Mold
grey_mold865.jpg,Grey Mold
grey_mold866.jpg,Grey Mold
grey_mold867.jpg,Grey Mold
grey_mold868.jpg,Grey Mold
grey_mold869.jpg,Grey Mold
grey_mold870.jpg,Grey Mold
grey_mold871.jpg,Grey Mold
grey_mold872.jpg,Grey Mold
grey_mold873.jpg,Grey Mold
Grey_Powder1.jpg,Grey Powdery Mildew
Grey_Powder100.jpg,Grey Powdery Mildew
Grey_Powder101.jpg,Grey Powdery Mildew
Grey_Powder102.jpg,Grey Powdery Mildew
Grey_Powder103.jpg,Grey Powdery Mildew
Grey_Powder104.jpg,Grey Powdery Mildew
Grey_Powder105.jpg,Grey Powdery Mildew
Grey_Powder106.jpg,Grey Powdery Mildew
Grey_Powder107.jpg,Grey Powdery Mildew
Grey_Powder108.jpg,Grey Powdery Mildew
Grey_Powder109.jpg,Grey Powdery Mildew
Grey_Powder11.jpg,Grey Powdery Mildew
Grey_Powder111.jpg,Grey Powdery Mildew
Grey_Powder112.jpg,Grey Powdery Mildew
Grey_Powder113.jpg,Grey Powdery Mildew
Grey_Powder114.jpg,Grey Powdery Mildew
Grey_Powder115.jpg,Grey Powdery Mildew
Grey_Powder116.jpg,Grey Powdery Mildew
Grey_Powder117.jpg,Grey Powdery Mildew
Grey_Powder118.jpg,Grey Powdery Mildew
Grey_Powder119.jpg,Grey Powdery Mildew
Grey_Powder12.jpg,Grey Powdery Mildew
Grey_Powder120.jpg,Grey Powdery Mildew
Grey_Powder121.jpg,Grey Powdery Mildew
Grey_Powder122.jpg,Grey Powdery Mildew
Grey_Powder123.jpg,Grey Powdery Mildew
Grey_Powder124.jpg,Grey Powdery Mildew
Grey_Powder125.jpg,Grey Powdery Mildew
Grey_Powder126.jpg,Grey Powdery Mildew
Grey_Powder127.jpg,Grey Powdery Mildew
Grey_Powder128.jpg,Grey Powdery Mildew
Grey_Powder129.jpg,Grey Powdery Mildew
Grey_Powder13.jpg,Grey Powdery Mildew
Grey_Powder131.jpg,Grey Powdery Mildew
Grey_Powder132.jpg,Grey Powdery Mildew
Grey_Powder133.jpg,Grey Powdery Mildew
Grey_Powder134.jpg,Grey Powdery Mildew
Grey_Powder135.jpg,Grey Powdery Mildew
Grey_Powder136.jpg,Grey Powdery Mildew
Grey_Powder137.jpg,Grey Powdery Mildew
Grey_Powder138.jpg,Grey Powdery Mildew
Grey_Powder139.jpg,Grey Powdery Mildew
Grey_Powder140.jpg,Grey Powdery Mildew
Grey_Powder141.jpg,Grey Powdery Mildew
Grey_Powder142.jpg,Grey Powdery Mildew
Grey_Powder143.jpg,Grey Powdery Mildew
Grey_Powder144.jpg,Grey Powdery Mildew
Grey_Powder145.jpg,Grey Powdery Mildew
Grey_Powder146.jpg,Grey Powdery Mildew
Grey_Powder147.jpg,Grey Powdery Mildew
Grey_Powder149.jpg,Grey Powdery Mildew
Grey_Powder15.jpg,Grey Powdery Mildew
Grey_Powder150.jpg,Grey Powdery Mildew
Grey_Powder151.jpg,Grey Powdery Mildew
Grey_Powder152.jpg,Grey Powdery Mildew
Grey_Powder153.jpg,Grey Powdery Mildew
Grey_Powder154.jpg,Grey Powdery Mildew
Grey_Powder155.jpg,Grey Powdery Mildew
Grey_Powder156.jpg,Grey Powdery Mildew
Grey_Powder158.jpg,Grey Powdery Mildew
Grey_Powder159.jpg,Grey Powdery Mildew
Grey_Powder16.jpg,Grey Powdery Mildew
Grey_Powder160.jpg,Grey Powdery Mildew
Grey_Powder161.jpg,Grey Powdery Mildew
Grey_Powder162.jpg,Grey Powdery Mildew
Grey_Powder163.jpg,Grey Powdery Mildew
Grey_Powder164.jpg,Grey Powdery Mildew
Grey_Powder165.jpg,Grey Powdery Mildew
Grey_Powder166.jpg,Grey Powdery Mildew
Grey_Powder167.jpg,Grey Powdery Mildew
Grey_Powder168.jpg,Grey Powdery Mildew
Grey_Powder169.jpg,Grey Powdery Mildew
Grey_Powder170.jpg,Grey Powdery Mildew
Grey_Powder171.jpg,Grey Powdery Mildew
Grey_Powder172.jpg,Grey Powdery Mildew
Grey_Powder173.jpg,Grey Powdery Mildew
Grey_Powder174.jpg,Grey Powdery Mildew
Grey_Powder175.jpg,Grey Powdery Mildew
Grey_Powder176.jpg,Grey Powdery Mildew
Grey_Powder177.jpg,Grey Powdery Mildew
Grey_Powder178.jpg,Grey Powdery Mildew
Grey_Powder179.jpg,Grey Powdery Mildew
Grey_Powder18.jpg,Grey Powdery Mildew
Grey_Powder180.jpg,Grey Powdery Mildew
Grey_Powder181.jpg,Grey Powdery Mildew
Grey_Powder182.jpg,Grey Powdery Mildew
Grey_Powder183.jpg,Grey Powdery Mildew
Grey_Powder184.jpg,Grey Powdery Mildew
Grey_Powder185.jpg,Grey Powdery Mildew
Grey_Powder186.jpg,Grey Powdery Mildew
Grey_Powder187.jpg,Grey Powdery Mildew
Grey_Powder188.jpg,Grey Powdery Mildew
Grey_Powder189.jpg,Grey Powdery Mildew
Grey_Powder19.jpg,Grey Powdery Mildew
Grey_Powder190.jpg,Grey Powdery Mildew
Grey_Powder191.jpg,Grey Powdery Mildew
Grey_Powder192.jpg,Grey Powdery Mildew
Grey_Powder193.jpg,Grey Powdery Mildew
Grey_Powder194.jpg,Grey Powdery Mildew
Grey_Powder195.jpg,Grey Powdery Mildew
Grey_Powder196.jpg,Grey Powdery Mildew
Grey_Powder197.jpg,Grey Powdery Mildew
Grey_Powder198.jpg,Grey Powdery Mildew
Grey_Powder199.jpg,Grey Powdery Mildew
Grey_Powder2.jpg,Grey Powdery Mildew
Grey_Powder200.jpg,Grey Powdery Mildew
Grey_Powder201.jpg,Grey Powdery Mildew
Grey_Powder202.jpg,Grey Powdery Mildew
Grey_Powder203.jpg,Grey Powdery Mildew
Grey_Powder204.jpg,Grey Powdery Mildew
Grey_Powder205.jpg,Grey Powdery Mildew
Grey_Powder206.jpg,Grey Powdery Mildew
Grey_Powder207.jpg,Grey Powdery Mildew
Grey_Powder208.jpg,Grey Powdery Mildew
Grey_Powder209.jpg,Grey Powdery Mildew
Grey_Powder21.jpg,Grey Powdery Mildew
Grey_Powder210.jpg,Grey Powdery Mildew
Grey_Powder211.jpg,Grey Powdery Mildew
Grey_Powder212.jpg,Grey Powdery Mildew
Grey_Powder213.jpg,Grey Powdery Mildew
Grey_Powder214.jpg,Grey Powdery Mildew
Grey_Powder215.jpg,Grey Powdery Mildew
Grey_Powder217.jpg,Grey Powdery Mildew
Grey_Powder218.jpg,Grey Powdery Mildew
Grey_Powder219.jpg,Grey Powdery Mildew
Grey_Powder22.jpg,Grey Powdery Mildew
Grey_Powder220.jpg,Grey Powdery Mildew
Grey_Powder221.jpg,Grey Powdery Mildew
Grey_Powder222.jpg,Grey Powdery Mildew
Grey_Powder223.jpg,Grey Powdery Mildew
Grey_Powder224.jpg,Grey Powdery Mildew
Grey_Powder225.jpg,Grey Powdery Mildew
Grey_Powder226.jpg,Grey Powdery Mildew
Grey_Powder227.jpg,Grey Powdery Mildew
Grey_Powder228.jpg,Grey Powdery Mildew
Grey_Powder229.jpg,Grey Powdery Mildew
Grey_Powder23.jpg,Grey Powdery Mildew
Grey_Powder230.jpg,Grey Powdery Mildew
Grey_Powder231.jpg,Grey Powdery Mildew
Grey_Powder232.jpg,Grey Powdery Mildew
Grey_Powder233.jpg,Grey Powdery Mildew
Grey_Powder234.jpg,Grey Powdery Mildew
Grey_Powder235.jpg,Grey Powdery Mildew
Grey_Powder236.jpg,Grey Powdery Mildew
Grey_Powder237.jpg,Grey Powdery Mildew
Grey_Powder238.jpg,Grey Powdery Mildew
Grey_Powder239.jpg,Grey Powdery Mildew
Grey_Powder24.jpg,Grey Powdery Mildew
Grey_Powder240.jpg,Grey Powdery Mildew
Grey_Powder241.jpg,Grey Powdery Mildew
Grey_Powder242.jpg,Grey Powdery Mildew
Grey_Powder243.jpg,Grey Powdery Mildew
Grey_Powder244.jpg,Grey Powdery Mildew
Grey_Powder245.jpg,Grey Powdery Mildew
Grey_Powder246.jpg,Grey Powdery Mildew
Grey_Powder247.jpg,Grey Powdery Mildew
Grey_Powder248.jpg,Grey Powdery Mildew
Grey_Powder249.jpg,Grey Powdery Mildew
Grey_Powder25.jpg,Grey Powdery Mildew
Grey_Powder250.jpg,Grey Powdery Mildew
Grey_Powder251.jpg,Grey Powdery Mildew
Grey_Powder252.jpg,Grey Powdery Mildew
Grey_Powder253.jpg,Grey Powdery Mildew
Grey_Powder254.jpg,Grey Powdery Mildew
Grey_Powder255.jpg,Grey Powdery Mildew
Grey_Powder256.jpg,Grey Powdery Mildew
Grey_Powder257.jpg,Grey Powdery Mildew
Grey_Powder258.jpg,Grey Powdery Mildew
Grey_Powder259.jpg,Grey Powdery Mildew
Grey_Powder26.jpg,Grey Powdery Mildew
Grey_Powder260.jpg,Grey Powdery Mildew
Grey_Powder262.jpg,Grey Powdery Mildew
Grey_Powder263.jpg,Grey Powdery Mildew
Grey_Powder264.jpg,Grey Powdery Mildew
Grey_Powder265.jpg,Grey Powdery Mildew
Grey_Powder266.jpg,Grey Powdery Mildew
Grey_Powder267.jpg,Grey Powdery Mildew
Grey_Powder268.jpg,Grey Powdery Mildew
Grey_Powder269.jpg,Grey Powdery Mildew
Grey_Powder270.jpg,Grey Powdery Mildew
Grey_Powder271.jpg,Grey Powdery Mildew
Grey_Powder272.jpg,Grey Powdery Mildew
Grey_Powder273.jpg,Grey Powdery Mildew
Grey_Powder274.jpg,Grey Powdery Mildew
Grey_Powder275.jpg,Grey Powdery Mildew
Grey_Powder276.jpg,Grey Powdery Mildew
Grey_Powder277.jpg,Grey Powdery Mildew
Grey_Powder278.jpg,Grey Powdery Mildew
Grey_Powder279.jpg,Grey Powdery Mildew
Grey_Powder28.jpg,Grey Powdery Mildew
Grey_Powder280.jpg,Grey Powdery Mildew
Grey_Powder281.jpg,Grey Powdery Mildew
Grey_Powder283.jpg,Grey Powdery Mildew
Grey_Powder285.jpg,Grey Powdery Mildew
Grey_Powder286.jpg,Grey Powdery Mildew
Grey_Powder287.jpg,Grey Powdery Mildew
Grey_Powder288.jpg,Grey Powdery Mildew
Grey_Powder289.jpg,Grey Powdery Mildew
Grey_Powder29.jpg,Grey Powdery Mildew
Grey_Powder290.jpg,Grey Powdery Mildew
Grey_Powder291.jpg,Grey Powdery Mildew
Grey_Powder292.jpg,Grey Powdery Mildew
Grey_Powder293.jpg,Grey Powdery Mildew
Grey_Powder295.jpg,Grey Powdery Mildew
Grey_Powder296.jpg,Grey Powdery Mildew
Grey_Powder297.jpg,Grey Powdery Mildew
Grey_Powder298.jpg,Grey Powdery Mildew
Grey_Powder299.jpg,Grey Powdery Mildew
Grey_Powder3.jpg,Grey Powdery Mildew
Grey_Powder30.jpg,Grey Powdery Mildew
Grey_Powder300.jpg,Grey Powdery Mildew
Grey_Powder301.jpg,Grey Powdery Mildew
Grey_Powder302.jpg,Grey Powdery Mildew
Grey_Powder303.jpg,Grey Powdery Mildew
Grey_Powder304.jpg,Grey Powdery Mildew
Grey_Powder305.jpg,Grey Powdery Mildew
Grey_Powder306.jpg,Grey Powdery Mildew
Grey_Powder307.jpg,Grey Powdery Mildew
Grey_Powder308.jpg,Grey Powdery Mildew
Grey_Powder309.jpg,Grey Powdery Mildew
Grey_Powder31.jpg,Grey Powdery Mildew
Grey_Powder310.jpg,Grey Powdery Mildew
Grey_Powder311.jpg,Grey Powdery Mildew
Grey_Powder312.jpg,Grey Powdery Mildew
Grey_Powder313.jpg,Grey Powdery Mildew
Grey_Powder314.jpg,Grey Powdery Mildew
Grey_Powder315.jpg,Grey Powdery Mildew
Grey_Powder316.jpg,Grey Powdery Mildew
Grey_Powder317.jpg,Grey Powdery Mildew
Grey_Powder318.jpg,Grey Powdery Mildew
Grey_Powder319.jpg,Grey Powdery Mildew
Grey_Powder32.jpg,Grey Powdery Mildew
Grey_Powder320.jpg,Grey Powdery Mildew
Grey_Powder322.jpg,Grey Powdery Mildew
Grey_Powder323.jpg,Grey Powdery Mildew
Grey_Powder324.jpg,Grey Powdery Mildew
Grey_Powder325.jpg,Grey Powdery Mildew
Grey_Powder326.jpg,Grey Powdery Mildew
Grey_Powder327.jpg,Grey Powdery Mildew
Grey_Powder328.jpg,Grey Powdery Mildew
Grey_Powder329.jpg,Grey Powdery Mildew
Grey_Powder33.jpg,Grey Powdery Mildew
Grey_Powder330.jpg,Grey Powdery Mildew
Grey_Powder331.jpg,Grey Powdery Mildew
Grey_Powder332.jpg,Grey Powdery Mildew
Grey_Powder333.jpg,Grey Powdery Mildew
Grey_Powder334.jpg,Grey Powdery Mildew
Grey_Powder335.jpg,Grey Powdery Mildew
Grey_Powder336.jpg,Grey Powdery Mildew
Grey_Powder337.jpg,Grey Powdery Mildew
Grey_Powder338.jpg,Grey Powdery Mildew
Grey_Powder339.jpg,Grey Powdery Mildew
Grey_Powder34.jpg,Grey Powdery Mildew
Grey_Powder340.jpg,Grey Powdery Mildew
Grey_Powder341.jpg,Grey Powdery Mildew
Grey_Powder342.jpg,Grey Powdery Mildew
Grey_Powder343.jpg,Grey Powdery Mildew
Grey_Powder344.jpg,Grey Powdery Mildew
Grey_Powder345.jpg,Grey Powdery Mildew
Grey_Powder346.jpg,Grey Powdery Mildew
Grey_Powder347.jpg,Grey Powdery Mildew
Grey_Powder348.jpg,Grey Powdery Mildew
Grey_Powder349.jpg,Grey Powdery Mildew
Grey_Powder35.jpg,Grey Powdery Mildew
Grey_Powder350.jpg,Grey Powdery Mildew
Grey_Powder351.jpg,Grey Powdery Mildew
Grey_Powder352.jpg,Grey Powdery Mildew
Grey_Powder353.jpg,Grey Powdery Mildew
Grey_Powder354.jpg,Grey Powdery Mildew
Grey_Powder355.jpg,Grey Powdery Mildew
Grey_Powder356.jpg,Grey Powdery Mildew
Grey_Powder357.jpg,Grey Powdery Mildew
Grey_Powder358.jpg,Grey Powdery Mildew
Grey_Powder359.jpg,Grey Powdery Mildew
Grey_Powder36.jpg,Grey Powdery Mildew
Grey_Powder360.jpg,Grey Powdery Mildew
Grey_Powder361.jpg,Grey Powdery Mildew
Grey_Powder362.jpg,Grey Powdery Mildew
Grey_Powder363.jpg,Grey Powdery Mildew
Grey_Powder364.jpg,Grey Powdery Mildew
Grey_Powder365.jpg,Grey Powdery Mildew
Grey_Powder366.jpg,Grey Powdery Mildew
Grey_Powder367.jpg,Grey Powdery Mildew
Grey_Powder368.jpg,Grey Powdery Mildew
Grey_Powder369.jpg,Grey Powdery Mildew
Grey_Powder37.jpg,Grey Powdery Mildew
Grey_Powder370.jpg,Grey Powdery Mildew
Grey_Powder371.jpg,Grey Powdery Mildew
Grey_Powder372.jpg,Grey Powdery Mildew
Grey_Powder373.jpg,Grey Powdery Mildew
Grey_Powder374.jpg,Grey Powdery Mildew
Grey_Powder375.jpg,Grey Powdery Mildew
Grey_Powder376.jpg,Grey Powdery Mildew
Grey_Powder377.jpg,Grey Powdery Mildew
Grey_Powder378.jpg,Grey Powdery Mildew
Grey_Powder379.jpg,Grey Powdery Mildew
Grey_Powder380.jpg,Grey Powdery Mildew
Grey_Powder381.jpg,Grey Powdery Mildew
Grey_Powder382.jpg,Grey Powdery Mildew
Grey_Powder383.jpg,Grey Powdery Mildew
Grey_Powder384.jpg,Grey Powdery Mildew
Grey_Powder385.jpg,Grey Powdery Mildew
Grey_Powder386.jpg,Grey Powdery Mildew
Grey_Powder387.jpg,Grey Powdery Mildew
Grey_Powder388.jpg,Grey Powdery Mildew
Grey_Powder389.jpg,Grey Powdery Mildew
Grey_Powder39.jpg,Grey Powdery Mildew
Grey_Powder390.jpg,Grey Powdery Mildew
Grey_Powder391.jpg,Grey Powdery Mildew
Grey_Powder392.jpg,Grey Powdery Mildew
Grey_Powder393.jpg,Grey Powdery Mildew
Grey_Powder394.jpg,Grey Powdery Mildew
Grey_Powder395.jpg,Grey Powdery Mildew
Grey_Powder396.jpg,Grey Powdery Mildew
Grey_Powder397.jpg,Grey Powdery Mildew
Grey_Powder398.jpg,Grey Powdery Mildew
Grey_Powder399.jpg,Grey Powdery Mildew
Grey_Powder4.jpg,Grey Powdery Mildew
Grey_Powder40.jpg,Grey Powdery Mildew
Grey_Powder400.jpg,Grey Powdery Mildew
Grey_Powder401.jpg,Grey Powdery Mildew
Grey_Powder402.jpg,Grey Powdery Mildew
Grey_Powder403.jpg,Grey Powdery Mildew
Grey_Powder404.jpg,Grey Powdery Mildew
Grey_Powder405.jpg,Grey Powdery Mildew
Grey_Powder406.jpg,Grey Powdery Mildew
Grey_Powder407.jpg,Grey Powdery Mildew
Grey_Powder408.jpg,Grey Powdery Mildew
Grey_Powder409.jpg,Grey Powdery Mildew
Grey_Powder41.jpg,Grey Powdery Mildew
Grey_Powder410.jpg,Grey Powdery Mildew
Grey_Powder411.jpg,Grey Powdery Mildew
Grey_Powder412.jpg,Grey Powdery Mildew
Grey_Powder413.jpg,Grey Powdery Mildew
Grey_Powder414.jpg,Grey Powdery Mildew
Grey_Powder415.jpg,Grey Powdery Mildew
Grey_Powder416.jpg,Grey Powdery Mildew
Grey_Powder417.jpg,Grey Powdery Mildew
Grey_Powder418.jpg,Grey Powdery Mildew
Grey_Powder419.jpg,Grey Powdery Mildew
Grey_Powder42.jpg,Grey Powdery Mildew
Grey_Powder420.jpg,Grey Powdery Mildew
Grey_Powder421.jpg,Grey Powdery Mildew
Grey_Powder422.jpg,Grey Powdery Mildew
Grey_Powder423.jpg,Grey Powdery Mildew
Grey_Powder424.jpg,Grey Powdery Mildew
Grey_Powder425.jpg,Grey Powdery Mildew
Grey_Powder426.jpg,Grey Powdery Mildew
Grey_Powder427.jpg,Grey Powdery Mildew
Grey_Powder428.jpg,Grey Powdery Mildew
Grey_Powder429.jpg,Grey Powdery Mildew
Grey_Powder43.jpg,Grey Powdery Mildew
Grey_Powder430.jpg,Grey Powdery Mildew
Grey_Powder431.jpg,Grey Powdery Mildew
Grey_Powder432.jpg,Grey Powdery Mildew
Grey_Powder433.jpg,Grey Powdery Mildew
Grey_Powder434.jpg,Grey Powdery Mildew
Grey_Powder435.jpg,Grey Powdery Mildew
Grey_Powder436.jpg,Grey Powdery Mildew
Grey_Powder439.jpg,Grey Powdery Mildew
Grey_Powder44.jpg,Grey Powdery Mildew
Grey_Powder440.jpg,Grey Powdery Mildew
Grey_Powder441.jpg,Grey Powdery Mildew
Grey_Powder442.jpg,Grey Powdery Mildew
Grey_Powder443.jpg,Grey Powdery Mildew
Grey_Powder444.jpg,Grey Powdery Mildew
Grey_Powder448.jpeg,Grey Powdery Mildew
Grey_Powder449.jpeg,Grey Powdery Mildew
Grey_Powder45.jpg,Grey Powdery Mildew
Grey_Powder450.jpeg,Grey Powdery Mildew
Grey_Powder451.jpeg,Grey Powdery Mildew
Grey_Powder452.jpeg,Grey Powdery Mildew
Grey_Powder453.jpeg,Grey Powdery Mildew
Grey_Powder454.jpeg,Grey Powdery Mildew
Grey_Powder46.jpg,Grey Powdery Mildew
Grey_Powder47.jpg,Grey Powdery Mildew
Grey_Powder48.jpg,Grey Powdery Mildew
Grey_Powder49.jpg,Grey Powdery Mildew
Grey_Powder5.jpg,Grey Powdery Mildew
Grey_Powder50.jpg,Grey Powdery Mildew
Grey_Powder51.jpg,Grey Powdery Mildew
Grey_Powder52.jpg,Grey Powdery Mildew
Grey_Powder53.jpg,Grey Powdery Mildew
Grey_Powder54.jpg,Grey Powdery Mildew
Grey_Powder55.jpg,Grey Powdery Mildew
Grey_Powder56.jpg,Grey Powdery Mildew
Grey_Powder57.jpg,Grey Powdery Mildew
Grey_Powder58.jpg,Grey Powdery Mildew
Grey_Powder59.jpg,Grey Powdery Mildew
Grey_Powder6.jpg,Grey Powdery Mildew
Grey_Powder60.jpg,Grey Powdery Mildew
Grey_Powder61.jpg,Grey Powdery Mildew
Grey_Powder62.jpg,Grey Powdery Mildew
Grey_Powder63.jpg,Grey Powdery Mildew
Grey_Powder64.jpg,Grey Powdery Mildew
grey_powder6457.jpg,Grey Powdery Mildew
grey_powder6458.jpg,Grey Powdery Mildew
grey_powder6459.jpg,Grey Powdery Mildew
grey_powder6460.jpg,Grey Powdery Mildew
grey_powder6461.jpg,Grey Powdery Mildew
grey_powder6462.jpg,Grey Powdery Mildew
grey_powder6463.jpg,Grey Powdery Mildew
grey_powder6464.jpg,Grey Powdery Mildew
grey_powder6465.jpg,Grey Powdery Mildew
grey_powder6466.jpg,Grey Powdery Mildew
grey_powder6467.jpg,Grey Powdery Mildew
grey_powder6468.jpg,Grey Powdery Mildew
grey_powder6469.jpg,Grey Powdery Mildew
grey_powder6470.jpg,Grey Powdery Mildew
grey_powder6471.jpg,Grey Powdery Mildew
grey_powder6472.jpg,Grey Powdery Mildew
grey_powder6473.jpg,Grey Powdery Mildew
grey_powder6474.jpg,Grey Powdery Mildew
grey_powder6475.jpg,Grey Powdery Mildew
grey_powder6476.jpg,Grey Powdery Mildew
grey_powder6477.jpg,Grey Powdery Mildew
grey_powder6478.jpg,Grey Powdery Mildew
grey_powder6479.jpg,Grey Powdery Mildew
grey_powder6480.jpg,Grey Powdery Mildew
grey_powder6481.jpg,Grey Powdery Mildew
grey_powder6482.jpg,Grey Powdery Mildew
grey_powder6483.jpg,Grey Powdery Mildew
grey_powder6484.jpg,Grey Powdery Mildew
grey_powder6485.jpg,Grey Powdery Mildew
grey_powder6486.jpg,Grey Powdery Mildew
grey_powder6487.jpg,Grey Powdery Mildew
grey_powder6488.jpg,Grey Powdery Mildew
grey_powder6489.jpg,Grey Powdery Mildew
grey_powder6490.jpg,Grey Powdery Mildew
grey_powder6491.jpg,Grey Powdery Mildew
grey_powder6492.jpg,Grey Powdery Mildew
grey_powder6493.jpg,Grey Powdery Mildew
grey_powder6494.jpg,Grey Powdery Mildew
grey_powder6495.jpg,Grey Powdery Mildew
grey_powder6496.jpg,Grey Powdery Mildew
grey_powder6497.jpg,Grey Powdery Mildew
grey_powder6498.jpg,Grey Powdery Mildew
grey_powder6499.jpg,Grey Powdery Mildew
Grey_Powder65.jpg,Grey Powdery Mildew
grey_powder6500.jpg,Grey Powdery Mildew
grey_powder6501.jpg,Grey Powdery Mildew
grey_powder6502.jpg,Grey Powdery Mildew
grey_powder6503.jpg,Grey Powdery Mildew
grey_powder6504.jpg,Grey Powdery Mildew
grey_powder6505.jpg,Grey Powdery Mildew
grey_powder6506.jpg,Grey Powdery Mildew
grey_powder6507.jpg,Grey Powdery Mildew
grey_powder6508.jpg,Grey Powdery Mildew
grey_powder6509.jpg,Grey Powdery Mildew
grey_powder6510.jpg,Grey Powdery Mildew
grey_powder6511.jpg,Grey Powdery Mildew
grey_powder6512.jpg,Grey Powdery Mildew
grey_powder6513.jpg,Grey Powdery Mildew
grey_powder6514.jpg,Grey Powdery Mildew
grey_powder6515.jpg,Grey Powdery Mildew
grey_powder6516.jpg,Grey Powdery Mildew
grey_powder6517.jpg,Grey Powdery Mildew
grey_powder6518.jpg,Grey Powdery Mildew
grey_powder6519.jpg,Grey Powdery Mildew
grey_powder6520.jpg,Grey Powdery Mildew
grey_powder6521.jpg,Grey Powdery Mildew
grey_powder6522.jpg,Grey Powdery Mildew
grey_powder6523.jpg,Grey Powdery Mildew
grey_powder6524.jpg,Grey Powdery Mildew
grey_powder6525.jpg,Grey Powdery Mildew
grey_powder6526.jpg,Grey Powdery Mildew
grey_powder6527.jpg,Grey Powdery Mildew
grey_powder6528.jpg,Grey Powdery Mildew
grey_powder6529.jpg,Grey Powdery Mildew
grey_powder6530.jpg,Grey Powdery Mildew
grey_powder6531.jpg,Grey Powdery Mildew
grey_powder6532.jpg,Grey Powdery Mildew
grey_powder6533.jpg,Grey Powdery Mildew
grey_powder6534.jpg,Grey Powdery Mildew
grey_powder6535.jpg,Grey Powdery Mildew
grey_powder6536.jpg,Grey Powdery Mildew
grey_powder6537.jpg,Grey Powdery Mildew
grey_powder6538.jpg,Grey Powdery Mildew
grey_powder6539.jpg,Grey Powdery Mildew
grey_powder6540.jpg,Grey Powdery Mildew
grey_powder6541.jpg,Grey Powdery Mildew
grey_powder6542.jpg,Grey Powdery Mildew
grey_powder6543.jpg,Grey Powdery Mildew
grey_powder6544.jpg,Grey Powdery Mildew
grey_powder6545.jpg,Grey Powdery Mildew
grey_powder6546.jpg,Grey Powdery Mildew
grey_powder6547.jpg,Grey Powdery Mildew
grey_powder6548.jpg,Grey Powdery Mildew
grey_powder6549.jpg,Grey Powdery Mildew
grey_powder6550.jpg,Grey Powdery Mildew
grey_powder6551.jpg,Grey Powdery Mildew
grey_powder6552.jpg,Grey Powdery Mildew
grey_powder6553.jpg,Grey Powdery Mildew
grey_powder6554.jpg,Grey Powdery Mildew
grey_powder6555.jpg,Grey Powdery Mildew
grey_powder6556.jpg,Grey Powdery Mildew
grey_powder6557.jpg,Grey Powdery Mildew
grey_powder6558.jpg,Grey Powdery Mildew
grey_powder6559.jpg,Grey Powdery Mildew
grey_powder6560.jpg,Grey Powdery Mildew
grey_powder6577.jpg,Grey Powdery Mildew
grey_powder6578.jpg,Grey Powdery Mildew
grey_powder6579.jpg,Grey Powdery Mildew
grey_powder6580.jpg,Grey Powdery Mildew
grey_powder6581.jpg,Grey Powdery Mildew
grey_powder6582.jpg,Grey Powdery Mildew
grey_powder6583.jpg,Grey Powdery Mildew
grey_powder6584.jpg,Grey Powdery Mildew
grey_powder6585.jpg,Grey Powdery Mildew
grey_powder6586.jpg,Grey Powdery Mildew
grey_powder6587.jpg,Grey Powdery Mildew
grey_powder6588.jpg,Grey Powdery Mildew
grey_powder6589.jpg,Grey Powdery Mildew
grey_powder6590.jpg,Grey Powdery Mildew
grey_powder6591.jpg,Grey Powdery Mildew
grey_powder6592.jpg,Grey Powdery Mildew
grey_powder6593.jpg,Grey Powdery Mildew
grey_powder6594.jpg,Grey Powdery Mildew
grey_powder6595.jpg,Grey Powdery Mildew
grey_powder6596.jpg,Grey Powdery Mildew
grey_powder6597.jpg,Grey Powdery Mildew
grey_powder6598.jpg,Grey Powdery Mildew
grey_powder6599.jpg,Grey Powdery Mildew
Grey_Powder66.jpg,Grey Powdery Mildew
grey_powder6600.jpg,Grey Powdery Mildew
Grey_Powder67.jpg,Grey Powdery Mildew
Grey_Powder69.jpg,Grey Powdery Mildew
Grey_Powder7.jpg,Grey Powdery Mildew
Grey_Powder70.jpg,Grey Powdery Mildew
Grey_Powder71.jpg,Grey Powdery Mildew
Grey_Powder72.jpg,Grey Powdery Mildew
Grey_Powder73.jpg,Grey Powdery Mildew
Grey_Powder74.jpg,Grey Powdery Mildew
Grey_Powder75.jpg,Grey Powdery Mildew
Grey_Powder76.jpg,Grey Powdery Mildew
Grey_Powder77.jpg,Grey Powdery Mildew
Grey_Powder78.jpg,Grey Powdery Mildew
Grey_Powder79.jpg,Grey Powdery Mildew
Grey_Powder8.jpg,Grey Powdery Mildew
Grey_Powder81.jpg,Grey Powdery Mildew
Grey_Powder82.jpg,Grey Powdery Mildew
Grey_Powder83.jpg,Grey Powdery Mildew
Grey_Powder84.jpg,Grey Powdery Mildew
Grey_Powder85.jpg,Grey Powdery Mildew
Grey_Powder86.jpg,Grey Powdery Mildew
Grey_Powder87.jpg,Grey Powdery Mildew
Grey_Powder88.jpg,Grey Powdery Mildew
Grey_Powder89.jpg,Grey Powdery Mildew
Grey_Powder9.jpg,Grey Powdery Mildew
Grey_Powder90.jpg,Grey Powdery Mildew
Grey_Powder91.jpg,Grey Powdery Mildew
Grey_Powder92.jpg,Grey Powdery Mildew
Grey_Powder93.jpg,Grey Powdery Mildew
Grey_Powder94.jpg,Grey Powdery Mildew
Grey_Powder95.jpg,Grey Powdery Mildew
Grey_Powder96.jpg,Grey Powdery Mildew
Grey_Powder97.jpg,Grey Powdery Mildew
Grey_Powder98.jpg,Grey Powdery Mildew
Grey_Power445.jpg,Grey Powdery Mildew
Grey_Power446.jpeg,Grey Powdery Mildew
Grey_Power447.jpeg,Grey Powdery Mildew
Healthy1.jpg,Healthy
Healthy10.jpg,Healthy
Healthy100.jpg,Healthy
Healthy101.jpg,Healthy
Healthy102.jpg,Healthy
Healthy103.jpg,Healthy
Healthy105.jpg,Healthy
healthy1057.jpg,Healthy
Healthy106.jpg,Healthy
Healthy107.jpg,Healthy
Healthy108.jpg,Healthy
Healthy109.jpg,Healthy
Healthy11.jpg,Healthy
Healthy110.jpg,Healthy
Healthy111.jpg,Healthy
Healthy112.jpg,Healthy
Healthy113.jpg,Healthy
Healthy114.jpg,Healthy
Healthy115.jpg,Healthy
Healthy117.jpg,Healthy
Healthy118.jpg,Healthy
healthy1186.jpg,Healthy
healthy1187.jpg,Healthy
healthy1188.jpg,Healthy
healthy1189.jpg,Healthy
Healthy119.jpg,Healthy
healthy1190.jpg,Healthy
healthy1191.jpg,Healthy
healthy1192.jpg,Healthy
healthy1193.jpg,Healthy
healthy1194.jpg,Healthy
healthy1195.jpg,Healthy
healthy1196.jpg,Healthy
healthy1197.jpg,Healthy
healthy1198.jpg,Healthy
healthy1199.jpg,Healthy
Healthy12.jpg,Healthy
Healthy120.jpg,Healthy
healthy1200.jpg,Healthy
healthy1201.jpg,Healthy
healthy1202.jpg,Healthy
healthy1203.jpg,Healthy
healthy1204.jpg,Healthy
healthy1205.jpg,Healthy
healthy1206.jpg,Healthy
healthy1207.jpg,Healthy
healthy1208.jpg,Healthy
healthy1209.jpg,Healthy
Healthy121.jpg,Healthy
healthy1210.jpg,Healthy
healthy1211.jpg,Healthy
healthy1212.jpg,Healthy
healthy1213.jpg,Healthy
healthy1214.jpg,Healthy
healthy1215.jpg,Healthy
healthy1216.jpg,Healthy
healthy1217.jpg,Healthy
healthy1218.jpg,Healthy
healthy1219.jpg,Healthy
Healthy122.jpg,Healthy
healthy1220.jpg,Healthy
healthy1221.jpg,Healthy
healthy1222.jpg,Healthy
healthy1223.jpg,Healthy
healthy1224.jpg,Healthy
healthy1225.jpg,Healthy
healthy1226.jpg,Healthy
healthy1227.jpg,Healthy
healthy1228.jpg,Healthy
healthy1229.jpg,Healthy
Healthy123.jpg,Healthy
healthy1230.jpg,Healthy
healthy1231.jpg,Healthy
healthy1232.jpg,Healthy
healthy1233.jpg,Healthy
healthy1234.jpg,Healthy
healthy1235.jpg,Healthy
healthy1236.jpg,Healthy
healthy1237.jpg,Healthy
healthy1238.jpg,Healthy
healthy1239.jpg,Healthy
Healthy124.jpg,Healthy
healthy1240.jpg,Healthy
healthy1241.jpg,Healthy
healthy1242.jpg,Healthy
healthy1243.jpg,Healthy
healthy1244.jpg,Healthy
healthy1245.jpg,Healthy
healthy1246.jpg,Healthy
healthy1247.jpg,Healthy
healthy1248.jpg,Healthy
healthy1249.jpg,Healthy
Healthy125.jpg,Healthy
healthy1250.jpg,Healthy
healthy1251.jpg,Healthy
healthy1252.jpg,Healthy
healthy1253.jpg,Healthy
healthy1254.jpg,Healthy
healthy1255.jpg,Healthy
healthy1256.jpg,Healthy
healthy1257.jpg,Healthy
healthy1258.jpg,Healthy
healthy1259.jpg,Healthy
Healthy126.jpg,Healthy
healthy1260.jpg,Healthy
healthy1261.jpg,Healthy
healthy1262.jpg,Healthy
healthy1263.jpg,Healthy
healthy1264.jpg,Healthy
healthy1265.jpg,Healthy
healthy1266.jpg,Healthy
healthy1267.jpg,Healthy
healthy1268.jpg,Healthy
healthy1269.jpg,Healthy
Healthy127.jpg,Healthy
healthy1270.jpg,Healthy
healthy1271.jpg,Healthy
healthy1272.jpg,Healthy
healthy1273.jpg,Healthy
healthy1274.jpg,Healthy
healthy1275.jpg,Healthy
healthy1276.jpg,Healthy
healthy1277.jpg,Healthy
healthy1278.jpg,Healthy
healthy1279.jpg,Healthy
Healthy128.jpg,Healthy
healthy1280.jpg,Healthy
healthy1281.jpg,Healthy
healthy1282.jpg,Healthy
healthy1283.jpg,Healthy
healthy1284.jpg,Healthy
healthy1285.jpg,Healthy
healthy1286.jpg,Healthy
healthy1287.jpg,Healthy
healthy1288.jpg,Healthy
healthy1289.jpg,Healthy
Healthy129.jpg,Healthy
healthy1290.jpg,Healthy
healthy1291.jpg,Healthy
healthy1292.jpg,Healthy
healthy1293.jpg,Healthy
healthy1294.jpg,Healthy
healthy1295.jpg,Healthy
healthy1296.jpg,Healthy
healthy1297.jpg,Healthy
Healthy13.jpg,Healthy
Healthy131.jpg,Healthy
Healthy132.jpg,Healthy
Healthy134.jpg,Healthy
Healthy136.jpg,Healthy
Healthy137.jpg,Healthy
Healthy139.jpg,Healthy
Healthy14.jpg,Healthy
Healthy140.jpg,Healthy
Healthy142.jpg,Healthy
Healthy143.jpg,Healthy
Healthy144.jpg,Healthy
Healthy145.jpg,Healthy
Healthy146.jpg,Healthy
Healthy147.jpg,Healthy
Healthy148.jpg,Healthy
Healthy149.jpg,Healthy
Healthy15.jpg,Healthy
Healthy150.jpg,Healthy
Healthy151.jpg,Healthy
Healthy152.jpg,Healthy
Healthy153.jpg,Healthy
Healthy154.jpg,Healthy
Healthy155.jpg,Healthy
Healthy156.jpg,Healthy
Healthy157.jpg,Healthy
Healthy158.jpg,Healthy
Healthy159.jpg,Healthy
Healthy16.jpg,Healthy
Healthy160.jpg,Healthy
Healthy162.jpg,Healthy
Healthy163.jpg,Healthy
Healthy164.jpg,Healthy
Healthy165.jpg,Healthy
Healthy166.jpg,Healthy
Healthy167.jpg,Healthy
Healthy168.jpg,Healthy
Healthy169.jpg,Healthy
Healthy17.jpg,Healthy
Healthy170.jpg,Healthy
Healthy171.jpg,Healthy
Healthy172.jpg,Healthy
Healthy173.jpg,Healthy
Healthy174.jpg,Healthy
Healthy175.jpg,Healthy
Healthy176.jpg,Healthy
Healthy177.jpg,Healthy
Healthy178.jpg,Healthy
Healthy179.jpg,Healthy
Healthy18.jpg,Healthy
Healthy180.jpg,Healthy
Healthy181.jpg,Healthy
Healthy182.jpg,Healthy
Healthy183.jpg,Healthy
Healthy184.jpg,Healthy
Healthy185.jpg,Healthy
Healthy186.jpg,Healthy
Healthy187.jpg,Healthy
Healthy188.jpg,Healthy
Healthy189.jpg,Healthy
Healthy19.jpg,Healthy
Healthy190.jpg,Healthy
Healthy191.jpg,Healthy
Healthy192.jpg,Healthy
Healthy193.jpg,Healthy
Healthy194.jpg,Healthy
Healthy195.jpg,Healthy
Healthy196.jpg,Healthy
Healthy197.jpg,Healthy
Healthy198.jpg,Healthy
Healthy2.jpg,Healthy
Healthy20.jpg,Healthy
Healthy200.jpg,Healthy
Healthy201.jpg,Healthy
Healthy202.jpg,Healthy
Healthy203.jpg,Healthy
Healthy204.jpg,Healthy
Healthy206.jpg,Healthy
Healthy207.jpg,Healthy
Healthy209.jpg,Healthy
Healthy21.jpg,Healthy
Healthy210.jpg,Healthy
Healthy211.jpg,Healthy
Healthy212.jpg,Healthy
Healthy215.jpg,Healthy
Healthy217.jpg,Healthy
Healthy218.jpg,Healthy
Healthy219.jpg,Healthy
Healthy22.jpg,Healthy
Healthy220.jpg,Healthy
Healthy221.jpg,Healthy
Healthy222.jpg,Healthy
Healthy223.jpg,Healthy
Healthy224.jpg,Healthy
Healthy225.jpg,Healthy
Healthy226.jpg,Healthy
Healthy228.jpg,Healthy
Healthy229.jpg,Healthy
Healthy23.jpg,Healthy
Healthy230.jpg,Healthy
Healthy231.jpg,Healthy
Healthy232.jpg,Healthy
Healthy233.jpg,Healthy
Healthy234.jpg,Healthy
Healthy235.jpg,Healthy
Healthy236.jpg,Healthy
Healthy237.jpg,Healthy
Healthy239.jpg,Healthy
Healthy24.jpg,Healthy
Healthy240.jpg,Healthy
Healthy243.jpg,Healthy
Healthy244.jpg,Healthy
Healthy246.jpg,Healthy
Healthy248.jpg,Healthy
Healthy249.jpg,Healthy
Healthy25.jpg,Healthy
Healthy251.jpg,Healthy
Healthy252.jpg,Healthy
Healthy253.jpg,Healthy
Healthy254.jpg,Healthy
Healthy255.jpg,Healthy
Healthy256.jpg,Healthy
Healthy257.jpg,Healthy
Healthy258.jpg,Healthy
Healthy259.jpg,Healthy
Healthy26.jpg,Healthy
Healthy262.jpg,Healthy
Healthy267.jpg,Healthy
Healthy268.jpg,Healthy
Healthy270.jpg,Healthy
Healthy271.jpg,Healthy
Healthy273.jpg,Healthy
Healthy274.jpg,Healthy
Healthy275.jpg,Healthy
Healthy28.jpg,Healthy
Healthy280.jpg,Healthy
Healthy285.jpg,Healthy
Healthy286.jpg,Healthy
Healthy287.jpg,Healthy
Healthy288.jpg,Healthy
Healthy29.jpg,Healthy
Healthy290.jpg,Healthy
Healthy291.jpg,Healthy
Healthy292.jpg,Healthy
Healthy295.jpg,Healthy
Healthy296.jpg,Healthy
Healthy297.jpg,Healthy
Healthy3.jpg,Healthy
Healthy30.jpg,Healthy
Healthy300.jpg,Healthy
Healthy301.jpg,Healthy
Healthy302.jpg,Healthy
Healthy304.jpg,Healthy
Healthy305.jpg,Healthy
Healthy306.jpg,Healthy
Healthy307.jpg,Healthy
Healthy308.jpg,Healthy
Healthy31.jpg,Healthy
Healthy310.jpg,Healthy
Healthy311.jpg,Healthy
Healthy312.jpg,Healthy
Healthy313.jpg,Healthy
Healthy314.jpg,Healthy
Healthy317.jpg,Healthy
Healthy319.jpg,Healthy
Healthy32.jpg,Healthy
Healthy320.jpg,Healthy
Healthy321.jpg,Healthy
Healthy324.jpg,Healthy
Healthy325.jpg,Healthy
Healthy326.jpg,Healthy
Healthy327.jpg,Healthy
Healthy329.jpg,Healthy
Healthy33.jpg,Healthy
Healthy330.jpg,Healthy
Healthy331.jpg,Healthy
Healthy332.jpg,Healthy
Healthy333.jpg,Healthy
Healthy334.jpg,Healthy
Healthy335.jpg,Healthy
Healthy336.jpg,Healthy
Healthy337.jpg,Healthy
Healthy339.jpg,Healthy
Healthy34.jpg,Healthy
Healthy340.jpg,Healthy
Healthy341.jpg,Healthy
Healthy342.jpg,Healthy
Healthy343.jpg,Healthy
Healthy344.jpg,Healthy
Healthy345.jpg,Healthy
Healthy347.jpg,Healthy
Healthy348.jpg,Healthy
Healthy35.jpg,Healthy
Healthy37.jpg,Healthy
Healthy38.jpg,Healthy
Healthy39.jpg,Healthy
Healthy4.jpg,Healthy
Healthy40.jpg,Healthy
Healthy41.jpg,Healthy
Healthy42.jpg,Healthy
Healthy43.jpg,Healthy
Healthy44.jpg,Healthy
Healthy445.jpg,Healthy
Healthy446.jpg,Healthy
Healthy447.jpeg,Healthy
Healthy448.jpg,Healthy
Healthy449.jpg,Healthy
Healthy45.jpg,Healthy
Healthy450.jpg,Healthy
Healthy451.jpg,Healthy
Healthy452.jpg,Healthy
Healthy453.jpg,Healthy
Healthy454.jpg,Healthy
Healthy455.jpg,Healthy
Healthy456.jpg,Healthy
Healthy457.jpg,Healthy
Healthy458.jpg,Healthy
Healthy459.jpg,Healthy
Healthy46.jpg,Healthy
Healthy460.jpg,Healthy
Healthy461.jpg,Healthy
Healthy462.jpg,Healthy
Healthy463.jpg,Healthy
Healthy464.jpg,Healthy
Healthy465.jpg,Healthy
Healthy466.jpg,Healthy
Healthy467.jpg,Healthy
Healthy468.jpg,Healthy
Healthy469.jpg,Healthy
Healthy47.jpg,Healthy
Healthy470.jpg,Healthy
Healthy471.jpg,Healthy
Healthy472.jpg,Healthy
Healthy473.jpg,Healthy
Healthy474.jpg,Healthy
Healthy475.jpg,Healthy
Healthy48.jpg,Healthy
Healthy49.jpg,Healthy
Healthy50.jpg,Healthy
Healthy51.jpg,Healthy
Healthy52.jpg,Healthy
Healthy53.jpg,Healthy
Healthy54.jpg,Healthy
Healthy55.jpg,Healthy
Healthy56.jpg,Healthy
Healthy57.jpg,Healthy
Healthy59.jpg,Healthy
Healthy6.jpg,Healthy
Healthy60.jpg,Healthy
Healthy61.jpg,Healthy
Healthy62.jpg,Healthy
Healthy63.jpg,Healthy
Healthy65.jpg,Healthy
Healthy66.jpg,Healthy
Healthy67.jpg,Healthy
Healthy69.jpg,Healthy
Healthy7.jpg,Healthy
Healthy70.jpg,Healthy
Healthy71.jpg,Healthy
Healthy72.jpg,Healthy
Healthy73.jpg,Healthy
Healthy74.jpg,Healthy
Healthy75.jpg,Healthy
Healthy76.jpg,Healthy
Healthy77.jpg,Healthy
Healthy78.jpg,Healthy
Healthy79.jpg,Healthy
Healthy8.jpg,Healthy
Healthy81.jpg,Healthy
Healthy82.jpg,Healthy
Healthy83.jpg,Healthy
Healthy84.jpg,Healthy
Healthy85.jpg,Healthy
Healthy87.jpg,Healthy
Healthy88.jpg,Healthy
Healthy89.jpg,Healthy
Healthy9.jpg,Healthy
Healthy90.jpg,Healthy
Healthy91.jpg,Healthy
Healthy93.jpg,Healthy
Healthy94.jpg,Healthy
Healthy95.jpg,Healthy
Healthy96.jpg,Healthy
Healthy98.jpg,Healthy
Healthy99.jpg,Healthy
Healthy_349.jpg,Healthy
Healthy_350.jpg,Healthy
Healthy_351.jpg,Healthy
Healthy_352.jpg,Healthy
Healthy_353.jpg,Healthy
Healthy_354.jpg,Healthy
Healthy_355.jpg,Healthy
Healthy_356.jpg,Healthy
Healthy_357.jpg,Healthy
Healthy_358.jpg,Healthy
Healthy_359.jpg,Healthy
Healthy_360.jpg,Healthy
Healthy_361.jpg,Healthy
Healthy_362.jpg,Healthy
Healthy_363.jpg,Healthy
Healthy_364.jpg,Healthy
Healthy_365.jpg,Healthy
Healthy_366.jpg,Healthy
Healthy_367.jpg,Healthy
Healthy_368.jpg,Healthy
Healthy_369.jpg,Healthy
Healthy_370.jpg,Healthy
Healthy_371.jpg,Healthy
Healthy_372.jpg,Healthy
Healthy_373.jpg,Healthy
Healthy_374.jpg,Healthy
Healthy_375.jpg,Healthy
Healthy_376.jpg,Healthy
Healthy_377.jpg,Healthy
Healthy_378.jpg,Healthy
Healthy_379.jpg,Healthy
Healthy_380.jpg,Healthy
Healthy_381.jpg,Healthy
Healthy_382.jpg,Healthy
Healthy_383.jpg,Healthy
Healthy_384.jpg,Healthy
Healthy_385.jpg,Healthy
Healthy_386.jpg,Healthy
Healthy_387.jpg,Healthy
Healthy_388.jpg,Healthy
Healthy_389.jpg,Healthy
Healthy_390.jpg,Healthy
Healthy_391.jpg,Healthy
Healthy_392.jpg,Healthy
Healthy_393.jpg,Healthy
Healthy_394.jpg,Healthy
Healthy_395.jpg,Healthy
Healthy_396.jpg,Healthy
Healthy_397.jpg,Healthy
Healthy_398.jpg,Healthy
Healthy_399.jpg,Healthy
Healthy_400.jpg,Healthy
Healthy_401.jpg,Healthy
Healthy_402.jpg,Healthy
Healthy_403.jpg,Healthy
Healthy_404.jpg,Healthy
Healthy_405.jpg,Healthy
Healthy_406.jpg,Healthy
Healthy_407.jpg,Healthy
Healthy_408.jpg,Healthy
Healthy_409.jpg,Healthy
Healthy_410.jpg,Healthy
Healthy_411.jpg,Healthy
Healthy_412.jpg,Healthy
Healthy_413.jpg,Healthy
Healthy_414.jpg,Healthy
Healthy_415.jpg,Healthy
Healthy_416.jpg,Healthy
Healthy_417.jpg,Healthy
Healthy_418.jpg,Healthy
Healthy_419.jpg,Healthy
Healthy_420.jpg,Healthy
Healthy_421.jpg,Healthy
Healthy_422.jpg,Healthy
Healthy_423.jpg,Healthy
Healthy_424.jpg,Healthy
Healthy_425.jpg,Healthy
Healthy_426.jpg,Healthy
Healthy_427.jpg,Healthy
Healthy_428.jpg,Healthy
Healthy_429.jpg,Healthy
Healthy_430.jpg,Healthy
Healthy_431.jpg,Healthy
Healthy_432.jpg,Healthy
Healthy_433.jpg,Healthy
Healthy_434.jpg,Healthy
Healthy_435.jpg,Healthy
Healthy_436.jpg,Healthy
Healthy_437.jpg,Healthy
Healthy_438.jpg,Healthy
Healthy_439.jpg,Healthy
Healthy_440.jpg,Healthy
Healthy_441.jpg,Healthy
Healthy_442.jpg,Healthy
Healthy_443.jpg,Healthy
Healthy_444.jpg,Healthy
Mosaic1.jpg,Mosaic Virus
Mosaic10.jpg,Mosaic Virus
Mosaic100.jpg,Mosaic Virus
Mosaic103.jpg,Mosaic Virus
Mosaic106.jpg,Mosaic Virus
Mosaic107.jpg,Mosaic Virus
Mosaic108.jpg,Mosaic Virus
Mosaic109.jpg,Mosaic Virus
Mosaic10_Rotate1.jpg,Mosaic Virus
Mosaic10_Rotate2.jpg,Mosaic Virus
Mosaic10_Rotate3.jpg,Mosaic Virus
Mosaic11.jpg,Mosaic Virus
Mosaic110.jpg,Mosaic Virus
Mosaic111.jpg,Mosaic Virus
Mosaic112.jpg,Mosaic Virus
Mosaic113.jpg,Mosaic Virus
Mosaic114.jpg,Mosaic Virus
Mosaic115.jpg,Mosaic Virus
Mosaic116.jpg,Mosaic Virus
Mosaic118.jpg,Mosaic Virus
Mosaic119.jpg,Mosaic Virus
Mosaic11_Rotate1.jpg,Mosaic Virus
Mosaic11_Rotate2.jpg,Mosaic Virus
Mosaic11_Rotate3.jpg,Mosaic Virus
Mosaic12.jpg,Mosaic Virus
Mosaic121.jpg,Mosaic Virus
Mosaic122.jpg,Mosaic Virus
Mosaic124.jpg,Mosaic Virus
Mosaic125.jpg,Mosaic Virus
Mosaic126.jpg,Mosaic Virus
Mosaic127.jpg,Mosaic Virus
Mosaic128.jpg,Mosaic Virus
Mosaic129.jpg,Mosaic Virus
Mosaic12_Rotate1.jpg,Mosaic Virus
Mosaic12_Rotate2.jpg,Mosaic Virus
Mosaic12_Rotate3.jpg,Mosaic Virus
Mosaic13.jpg,Mosaic Virus
Mosaic130.jpg,Mosaic Virus
Mosaic131.jpg,Mosaic Virus
Mosaic132.jpg,Mosaic Virus
Mosaic133.jpg,Mosaic Virus
Mosaic134.jpg,Mosaic Virus
Mosaic135.jpg,Mosaic Virus
Mosaic136.jpg,Mosaic Virus
Mosaic137.jpg,Mosaic Virus
Mosaic138.jpg,Mosaic Virus
Mosaic13_Rotate1.jpg,Mosaic Virus
Mosaic13_Rotate2.jpg,Mosaic Virus
Mosaic13_Rotate3.jpg,Mosaic Virus
Mosaic14.jpg,Mosaic Virus
Mosaic140.jpg,Mosaic Virus
Mosaic141.jpg,Mosaic Virus
Mosaic142.jpg,Mosaic Virus
Mosaic143.jpg,Mosaic Virus
Mosaic144.jpg,Mosaic Virus
Mosaic145.jpg,Mosaic Virus
Mosaic146.jpg,Mosaic Virus
Mosaic147.jpg,Mosaic Virus
Mosaic149.jpg,Mosaic Virus
Mosaic14_Rotate1.jpg,Mosaic Virus
Mosaic14_Rotate2.jpg,Mosaic Virus
Mosaic14_Rotate3.jpg,Mosaic Virus
Mosaic15.jpg,Mosaic Virus
Mosaic151.jpg,Mosaic Virus
Mosaic152.jpg,Mosaic Virus
Mosaic153.jpg,Mosaic Virus
Mosaic154.jpg,Mosaic Virus
Mosaic158.jpg,Mosaic Virus
Mosaic159.jpg,Mosaic Virus
Mosaic15_Rotate1.jpg,Mosaic Virus
Mosaic15_Rotate2.jpg,Mosaic Virus
Mosaic15_Rotate3.jpg,Mosaic Virus
Mosaic16.jpg,Mosaic Virus
Mosaic160.jpg,Mosaic Virus
Mosaic161.jpg,Mosaic Virus
Mosaic162.jpg,Mosaic Virus
Mosaic163.jpg,Mosaic Virus
Mosaic164.jpg,Mosaic Virus
Mosaic167.jpg,Mosaic Virus
Mosaic169.jpg,Mosaic Virus
Mosaic16_Rotate1.jpg,Mosaic Virus
Mosaic16_Rotate2.jpg,Mosaic Virus
Mosaic16_Rotate3.jpg,Mosaic Virus
Mosaic17.jpg,Mosaic Virus
Mosaic172.jpg,Mosaic Virus
Mosaic173.jpg,Mosaic Virus
Mosaic174.jpg,Mosaic Virus
Mosaic176.jpg,Mosaic Virus
Mosaic177.jpg,Mosaic Virus
Mosaic178.jpg,Mosaic Virus
Mosaic179.jpg,Mosaic Virus
Mosaic17_Rotate2.jpg,Mosaic Virus
Mosaic17_Rotate3.jpg,Mosaic Virus
Mosaic18.jpg,Mosaic Virus
Mosaic180.jpg,Mosaic Virus
Mosaic181.jpg,Mosaic Virus
Mosaic182.jpg,Mosaic Virus
Mosaic183.jpg,Mosaic Virus
Mosaic184.jpg,Mosaic Virus
Mosaic185.jpg,Mosaic Virus
Mosaic186.jpg,Mosaic Virus
Mosaic187.jpg,Mosaic Virus
Mosaic189.jpg,Mosaic Virus
Mosaic18_Rotate1.jpg,Mosaic Virus
Mosaic18_Rotate2.jpg,Mosaic Virus
Mosaic18_Rotate3.jpg,Mosaic Virus
Mosaic19.jpg,Mosaic Virus
Mosaic190.jpg,Mosaic Virus
Mosaic191.jpg,Mosaic Virus
Mosaic192.jpg,Mosaic Virus
Mosaic193.jpg,Mosaic Virus
Mosaic194.jpg,Mosaic Virus
Mosaic195.jpg,Mosaic Virus
Mosaic196.jpg,Mosaic Virus
Mosaic197.jpg,Mosaic Virus
Mosaic198.jpg,Mosaic Virus
Mosaic199.jpg,Mosaic Virus
Mosaic19_Rotate1.jpg,Mosaic Virus
Mosaic19_Rotate2.jpg,Mosaic Virus
Mosaic1_Rotate1.jpg,Mosaic Virus
Mosaic1_Rotate3.jpg,Mosaic Virus
Mosaic2.jpg,Mosaic Virus
Mosaic20.jpg,Mosaic Virus
Mosaic200.jpg,Mosaic Virus
Mosaic201.jpg,Mosaic Virus
Mosaic202.jpg,Mosaic Virus
Mosaic203.jpg,Mosaic Virus
Mosaic204.jpg,Mosaic Virus
Mosaic205.jpg,Mosaic Virus
Mosaic206.jpg,Mosaic Virus
Mosaic207.jpg,Mosaic Virus
Mosaic208.jpg,Mosaic Virus
Mosaic209.jpg,Mosaic Virus
Mosaic20_Rotate1.jpg,Mosaic Virus
Mosaic20_Rotate2.jpg,Mosaic Virus
Mosaic21.jpg,Mosaic Virus
Mosaic210.jpg,Mosaic Virus
Mosaic211.jpg,Mosaic Virus
Mosaic212.jpg,Mosaic Virus
Mosaic213.jpg,Mosaic Virus
Mosaic214.jpg,Mosaic Virus
Mosaic215.jpg,Mosaic Virus
Mosaic216.jpg,Mosaic Virus
Mosaic217.jpg,Mosaic Virus
Mosaic218.jpg,Mosaic Virus
Mosaic219.jpg,Mosaic Virus
Mosaic21_Rotate1.jpg,Mosaic Virus
Mosaic21_Rotate2.jpg,Mosaic Virus
Mosaic22.jpg,Mosaic Virus
Mosaic220.jpg,Mosaic Virus
Mosaic221.jpg,Mosaic Virus
Mosaic222.jpg,Mosaic Virus
Mosaic223.jpg,Mosaic Virus
Mosaic224.jpg,Mosaic Virus
Mosaic225.jpg,Mosaic Virus
Mosaic226.jpg,Mosaic Virus
Mosaic227.jpg,Mosaic Virus
Mosaic228.jpg,Mosaic Virus
Mosaic229.jpg,Mosaic Virus
Mosaic22_Rotate1.jpg,Mosaic Virus
Mosaic22_Rotate2.jpg,Mosaic Virus
Mosaic22_Rotate3.jpg,Mosaic Virus
Mosaic23.jpg,Mosaic Virus
Mosaic230.jpg,Mosaic Virus
Mosaic231.jpg,Mosaic Virus
Mosaic232.jpg,Mosaic Virus
Mosaic233.jpg,Mosaic Virus
Mosaic234.jpg,Mosaic Virus
Mosaic235.jpg,Mosaic Virus
Mosaic236.jpg,Mosaic Virus
Mosaic237.jpg,Mosaic Virus
Mosaic238.jpg,Mosaic Virus
Mosaic239.jpg,Mosaic Virus
Mosaic23_Rotate1.jpg,Mosaic Virus
Mosaic23_Rotate2.jpg,Mosaic Virus
Mosaic23_Rotate3.jpg,Mosaic Virus
Mosaic24.jpg,Mosaic Virus
Mosaic240.jpg,Mosaic Virus
Mosaic241.jpg,Mosaic Virus
Mosaic242.jpg,Mosaic Virus
Mosaic243.jpg,Mosaic Virus
Mosaic244.jpg,Mosaic Virus
Mosaic245.jpg,Mosaic Virus
Mosaic246.jpg,Mosaic Virus
Mosaic247.jpg,Mosaic Virus
Mosaic248.jpg,Mosaic Virus
Mosaic249.jpg,Mosaic Virus
Mosaic24_Rotate1.jpg,Mosaic Virus
Mosaic24_Rotate2.jpg,Mosaic Virus
Mosaic24_Rotate3.jpg,Mosaic Virus
Mosaic25.jpg,Mosaic Virus
Mosaic250.jpg,Mosaic Virus
Mosaic251.jpg,Mosaic Virus
Mosaic252.jpg,Mosaic Virus
Mosaic253.jpg,Mosaic Virus
Mosaic254.jpg,Mosaic Virus
Mosaic255.jpg,Mosaic Virus
Mosaic256.jpg,Mosaic Virus
Mosaic257.jpg,Mosaic Virus
Mosaic258.jpg,Mosaic Virus
Mosaic259.jpg,Mosaic Virus
Mosaic25_Rotate1.jpg,Mosaic Virus
Mosaic25_Rotate3.jpg,Mosaic Virus
Mosaic26.jpg,Mosaic Virus
Mosaic260.jpg,Mosaic Virus
Mosaic261.jpg,Mosaic Virus
Mosaic262.jpg,Mosaic Virus
Mosaic263.jpg,Mosaic Virus
Mosaic264.jpg,Mosaic Virus
Mosaic265.jpg,Mosaic Virus
Mosaic26_Rotate2.jpg,Mosaic Virus
Mosaic26_Rotate3.jpg,Mosaic Virus
Mosaic27.jpg,Mosaic Virus
Mosaic27_Rotate1.jpg,Mosaic Virus
Mosaic27_Rotate2.jpg,Mosaic Virus
Mosaic27_Rotate3.jpg,Mosaic Virus
Mosaic28.jpg,Mosaic Virus
Mosaic28_Rotate2.jpg,Mosaic Virus
Mosaic28_Rotate3.jpg,Mosaic Virus
Mosaic29_Rotate2.jpg,Mosaic Virus
Mosaic29_Rotate3.jpg,Mosaic Virus
Mosaic2_Rotate1.jpg,Mosaic Virus
Mosaic2_Rotate3.jpg,Mosaic Virus
Mosaic3.jpg,Mosaic Virus
Mosaic30.jpg,Mosaic Virus
Mosaic30_Rotate1.jpg,Mosaic Virus
Mosaic30_Rotate2.jpg,Mosaic Virus
Mosaic30_Rotate3.jpg,Mosaic Virus
Mosaic31.jpg,Mosaic Virus
Mosaic31_Rotate1.jpg,Mosaic Virus
Mosaic31_Rotate2.jpg,Mosaic Virus
Mosaic31_Rotate3.jpg,Mosaic Virus
Mosaic32.jpg,Mosaic Virus
Mosaic32_Rotate1.jpg,Mosaic Virus
Mosaic32_Rotate2.jpg,Mosaic Virus
Mosaic32_Rotate3.jpg,Mosaic Virus
Mosaic33.jpg,Mosaic Virus
Mosaic33_Rotate1.jpg,Mosaic Virus
Mosaic33_Rotate2.jpg,Mosaic Virus
Mosaic33_Rotate3.jpg,Mosaic Virus
Mosaic34.jpg,Mosaic Virus
Mosaic34_Rotate1.jpg,Mosaic Virus
Mosaic34_Rotate2.jpg,Mosaic Virus
Mosaic34_Rotate3.jpg,Mosaic Virus
Mosaic35.jpg,Mosaic Virus
Mosaic35_Rotate1.jpg,Mosaic Virus
Mosaic35_Rotate2.jpg,Mosaic Virus
Mosaic36.jpg,Mosaic Virus
Mosaic36_Rotate1.jpg,Mosaic Virus
Mosaic36_Rotate2.jpg,Mosaic Virus
Mosaic37.jpg,Mosaic Virus
Mosaic37_Rotate1.jpg,Mosaic Virus
Mosaic37_Rotate2.jpg,Mosaic Virus
Mosaic37_Rotate3.jpg,Mosaic Virus
Mosaic38.jpg,Mosaic Virus
Mosaic38_Rotate1.jpg,Mosaic Virus
Mosaic38_Rotate2.jpg,Mosaic Virus
Mosaic38_Rotate3.jpg,Mosaic Virus
Mosaic39.jpg,Mosaic Virus
Mosaic39_Rotate1.jpg,Mosaic Virus
Mosaic39_Rotate2.jpg,Mosaic Virus
Mosaic39_Rotate3.jpg,Mosaic Virus
Mosaic3_Rotate1.jpg,Mosaic Virus
Mosaic3_Rotate2.jpg,Mosaic Virus
Mosaic3_Rotate3.jpg,Mosaic Virus
Mosaic4.jpg,Mosaic Virus
Mosaic40_Rotate1.jpg,Mosaic Virus
Mosaic40_Rotate3.jpg,Mosaic Virus
Mosaic41.jpg,Mosaic Virus
Mosaic41_Rotate1.jpg,Mosaic Virus
Mosaic41_Rotate3.jpg,Mosaic Virus
Mosaic42.jpg,Mosaic Virus
Mosaic42_Rotate2.jpg,Mosaic Virus
Mosaic43.jpg,Mosaic Virus
Mosaic43_Rotate2.jpg,Mosaic Virus
Mosaic43_Rotate3.jpg,Mosaic Virus
Mosaic44.jpg,Mosaic Virus
Mosaic44_Rotate2.jpg,Mosaic Virus
Mosaic44_Rotate3.jpg,Mosaic Virus
Mosaic45.jpg,Mosaic Virus
Mosaic45_Rotate1.jpg,Mosaic Virus
Mosaic45_Rotate2.jpg,Mosaic Virus
Mosaic45_Rotate3.jpg,Mosaic Virus
Mosaic46.jpg,Mosaic Virus
Mosaic46_Rotate1.jpg,Mosaic Virus
Mosaic46_Rotate3.jpg,Mosaic Virus
Mosaic47_Rotate1.jpg,Mosaic Virus
Mosaic47_Rotate2.jpg,Mosaic Virus
Mosaic47_Rotate3.jpg,Mosaic Virus
Mosaic48.jpg,Mosaic Virus
Mosaic48_Rotate2.jpg,Mosaic Virus
Mosaic48_Rotate3.jpg,Mosaic Virus
Mosaic49.jpg,Mosaic Virus
Mosaic49_Rotate1.jpg,Mosaic Virus
Mosaic49_Rotate3.jpg,Mosaic Virus
Mosaic4_Rotate1.jpg,Mosaic Virus
Mosaic4_Rotate2.jpg,Mosaic Virus
Mosaic4_Rotate3.jpg,Mosaic Virus
Mosaic50.jpg,Mosaic Virus
Mosaic50_Rotate1.jpg,Mosaic Virus
Mosaic50_Rotate3.jpg,Mosaic Virus
Mosaic51.jpg,Mosaic Virus
Mosaic51_Rotate2.jpg,Mosaic Virus
Mosaic51_Rotate3.jpg,Mosaic Virus
Mosaic52.jpg,Mosaic Virus
Mosaic52_Rotate1.jpg,Mosaic Virus
Mosaic52_Rotate3.jpg,Mosaic Virus
Mosaic53.jpg,Mosaic Virus
Mosaic53_Rotate1.jpg,Mosaic Virus
Mosaic53_Rotate2.jpg,Mosaic Virus
Mosaic53_Rotate3.jpg,Mosaic Virus
Mosaic54.jpg,Mosaic Virus
Mosaic54_Rotate2.jpg,Mosaic Virus
Mosaic54_Rotate3.jpg,Mosaic Virus
Mosaic55.jpg,Mosaic Virus
Mosaic55_Rotate2.jpg,Mosaic Virus
Mosaic55_Rotate3.jpg,Mosaic Virus
Mosaic56.jpg,Mosaic Virus
Mosaic56_Rotate1.jpg,Mosaic Virus
Mosaic56_Rotate2.jpg,Mosaic Virus
Mosaic56_Rotate3.jpg,Mosaic Virus
Mosaic57.jpg,Mosaic Virus
Mosaic57_Rotate2.jpg,Mosaic Virus
Mosaic57_Rotate3.jpg,Mosaic Virus
Mosaic58_Rotate1.jpg,Mosaic Virus
Mosaic58_Rotate2.jpg,Mosaic Virus
Mosaic58_Rotate3.jpg,Mosaic Virus
Mosaic59_Rotate1.jpg,Mosaic Virus
Mosaic59_Rotate3.jpg,Mosaic Virus
Mosaic5_Rotate1.jpg,Mosaic Virus
Mosaic5_Rotate2.jpg,Mosaic Virus
Mosaic5_Rotate3.jpg,Mosaic Virus
Mosaic60.jpg,Mosaic Virus
Mosaic60_Rotate1.jpg,Mosaic Virus
Mosaic60_Rotate2.jpg,Mosaic Virus
Mosaic61.jpg,Mosaic Virus
Mosaic61_Rotate1.jpg,Mosaic Virus
Mosaic61_Rotate2.jpg,Mosaic Virus
Mosaic61_Rotate3.jpg,Mosaic Virus
Mosaic62.jpg,Mosaic Virus
Mosaic62_Rotate2.jpg,Mosaic Virus
Mosaic62_Rotate3.jpg,Mosaic Virus
Mosaic63.jpg,Mosaic Virus
Mosaic63_Rotate1.jpg,Mosaic Virus
Mosaic63_Rotate2.jpg,Mosaic Virus
Mosaic63_Rotate3.jpg,Mosaic Virus
Mosaic64.jpg,Mosaic Virus
Mosaic64_Rotate1.jpg,Mosaic Virus
Mosaic64_Rotate2.jpg,Mosaic Virus
Mosaic64_Rotate3.jpg,Mosaic Virus
Mosaic65.jpg,Mosaic Virus
Mosaic65_Rotate1.jpg,Mosaic Virus
Mosaic66.jpg,Mosaic Virus
Mosaic66_Rotate1.jpg,Mosaic Virus
Mosaic66_Rotate2.jpg,Mosaic Virus
Mosaic66_Rotate3.jpg,Mosaic Virus
Mosaic67_Rotate1.jpg,Mosaic Virus
Mosaic67_Rotate3.jpg,Mosaic Virus
Mosaic68.jpg,Mosaic Virus
Mosaic68_Rotate3.jpg,Mosaic Virus
Mosaic69.jpg,Mosaic Virus
Mosaic69_Rotate1.jpg,Mosaic Virus
Mosaic69_Rotate2.jpg,Mosaic Virus
Mosaic69_Rotate3.jpg,Mosaic Virus
Mosaic6_Rotate1.jpg,Mosaic Virus
Mosaic6_Rotate2.jpg,Mosaic Virus
Mosaic6_Rotate3.jpg,Mosaic Virus
Mosaic7.jpg,Mosaic Virus
Mosaic70.jpg,Mosaic Virus
Mosaic70_Rotate1.jpg,Mosaic Virus
Mosaic70_Rotate2.jpg,Mosaic Virus
Mosaic70_Rotate3.jpg,Mosaic Virus
Mosaic71.jpg,Mosaic Virus
Mosaic71_Rotate2.jpg,Mosaic Virus
Mosaic71_Rotate3.jpg,Mosaic Virus
Mosaic72.jpg,Mosaic Virus
Mosaic73.jpg,Mosaic Virus
Mosaic74.jpg,Mosaic Virus
Mosaic75.jpg,Mosaic Virus
Mosaic77.jpg,Mosaic Virus
Mosaic78.jpg,Mosaic Virus
Mosaic79.jpg,Mosaic Virus
Mosaic7_Rotate1.jpg,Mosaic Virus
Mosaic7_Rotate2.jpg,Mosaic Virus
Mosaic7_Rotate3.jpg,Mosaic Virus
Mosaic8.jpg,Mosaic Virus
Mosaic80.jpg,Mosaic Virus
Mosaic81.jpg,Mosaic Virus
Mosaic82.jpg,Mosaic Virus
Mosaic83.jpg,Mosaic Virus
Mosaic84.jpg,Mosaic Virus
Mosaic85.jpg,Mosaic Virus
Mosaic86.jpg,Mosaic Virus
Mosaic87.jpg,Mosaic Virus
Mosaic88.jpg,Mosaic Virus
Mosaic89.jpg,Mosaic Virus
Mosaic8_Rotate1.jpg,Mosaic Virus
Mosaic8_Rotate2.jpg,Mosaic Virus
Mosaic8_Rotate3.jpg,Mosaic Virus
Mosaic9.jpg,Mosaic Virus
Mosaic90.jpg,Mosaic Virus
Mosaic91.jpg,Mosaic Virus
Mosaic92.jpg,Mosaic Virus
Mosaic93.jpg,Mosaic Virus
Mosaic94.jpg,Mosaic Virus
Mosaic98.jpg,Mosaic Virus
Mosaic99.jpg,Mosaic Virus
Mosaic9_Rotate1.jpg,Mosaic Virus
Mosaic9_Rotate2.jpg,Mosaic Virus
Mosaic9_Rotate3.jpg,Mosaic Virus
mosaic_virus514.jpg,Mosaic Virus
mosaic_virus515.jpg,Mosaic Virus
mosaic_virus516.jpg,Mosaic Virus
mosaic_virus517.jpg,Mosaic Virus
mosaic_virus518.jpg,Mosaic Virus
mosaic_virus519.jpg,Mosaic Virus
mosaic_virus520.jpg,Mosaic Virus
mosaic_virus521.jpg,Mosaic Virus
mosaic_virus523.jpg,Mosaic Virus
mosaic_virus527.jpg,Mosaic Virus
mosaic_virus528.jpg,Mosaic Virus
mosaic_virus529.jpg,Mosaic Virus
mosaic_virus530.jpg,Mosaic Virus
mosaic_virus531.jpg,Mosaic Virus
mosaic_virus532.jpg,Mosaic Virus
mosaic_virus533.jpg,Mosaic Virus
mosaic_virus534.jpg,Mosaic Virus
mosaic_virus535.jpg,Mosaic Virus
mosaic_virus536.jpg,Mosaic Virus
mosaic_virus537.jpg,Mosaic Virus
mosaic_virus538.jpg,Mosaic Virus
mosaic_virus540.jpg,Mosaic Virus
mosaic_virus542.jpg,Mosaic Virus
mosaic_virus543.jpg,Mosaic Virus
mosaic_virus544.jpg,Mosaic Virus
mosaic_virus545.jpg,Mosaic Virus
mosaic_virus546.jpg,Mosaic Virus
mosaic_virus547.jpg,Mosaic Virus
mosaic_virus548.jpg,Mosaic Virus
mosaic_virus549.jpg,Mosaic Virus
mosaic_virus550.jpg,Mosaic Virus
mosaic_virus551.jpg,Mosaic Virus
mosaic_virus552.jpg,Mosaic Virus
mosaic_virus553.jpg,Mosaic Virus
mosaic_virus554.jpg,Mosaic Virus
mosaic_virus555.jpg,Mosaic Virus
mosaic_virus556.jpg,Mosaic Virus
mosaic_virus557.jpg,Mosaic Virus
mosaic_virus558.jpg,Mosaic Virus
mosaic_virus559.jpg,Mosaic Virus
mosaic_virus560.jpg,Mosaic Virus
mosaic_virus561.jpg,Mosaic Virus
mosaic_virus562.jpg,Mosaic Virus
mosaic_virus563.jpg,Mosaic Virus
mosaic_virus564.jpg,Mosaic Virus
mosaic_virus565.jpg,Mosaic Virus
mosaic_virus566.jpg,Mosaic Virus
mosaic_virus567.jpg,Mosaic Virus
mosaic_virus568.jpg,Mosaic Virus
mosaic_virus569.jpg,Mosaic Virus
mosaic_virus571.jpg,Mosaic Virus
mosaic_virus572.jpg,Mosaic Virus
mosaic_virus573.jpg,Mosaic Virus
mosaic_virus574.jpg,Mosaic Virus
mosaic_virus575.jpg,Mosaic Virus
mosaic_virus576.jpg,Mosaic Virus
mosaic_virus577.jpg,Mosaic Virus
mosaic_virus578.jpg,Mosaic Virus
mosaic_virus579.jpg,Mosaic Virus
mosaic_virus580.jpg,Mosaic Virus
mosaic_virus583.jpg,Mosaic Virus
mosaic_virus584.jpg,Mosaic Virus
mosaic_virus585.jpg,Mosaic Virus
mosaic_virus586.jpg,Mosaic Virus
mosaic_virus587.jpg,Mosaic Virus
mosaic_virus589.jpg,Mosaic Virus
mosaic_virus590.jpg,Mosaic Virus
mosaic_virus591.jpg,Mosaic Virus
mosaic_virus593.jpg,Mosaic Virus
mosaic_virus594.jpg,Mosaic Virus
mosaic_virus595.jpg,Mosaic Virus
mosaic_virus596.jpg,Mosaic Virus
mosaic_virus597.jpg,Mosaic Virus
mosaic_virus598.jpg,Mosaic Virus
mosaic_virus600.jpg,Mosaic Virus
mosaic_virus601.jpg,Mosaic Virus
mosaic_virus602.jpg,Mosaic Virus
mosaic_virus603.jpg,Mosaic Virus
mosaic_virus604.jpg,Mosaic Virus
mosaic_virus605.jpg,Mosaic Virus
mosaic_virus606.jpg,Mosaic Virus
mosaic_virus607.jpg,Mosaic Virus
mosaic_virus608.jpg,Mosaic Virus
mosaic_virus609.jpg,Mosaic Virus
mosaic_virus610.jpg,Mosaic Virus
mosaic_virus611.jpg,Mosaic Virus
mosaic_virus612.jpg,Mosaic Virus
mosaic_virus613.jpg,Mosaic Virus
mosaic_virus614.jpg,Mosaic Virus
mosaic_virus615.jpg,Mosaic Virus
mosaic_virus616.jpg,Mosaic Virus
mosaic_virus617.jpg,Mosaic Virus
mosaic_virus618.jpg,Mosaic Virus
mosaic_virus619.jpg,Mosaic Virus
mosaic_virus620.jpg,Mosaic Virus
mosaic_virus621.jpg,Mosaic Virus
mosaic_virus622.jpg,Mosaic Virus
mosaic_virus623.jpg,Mosaic Virus
mosaic_virus624.jpg,Mosaic Virus
mosaic_virus625.jpg,Mosaic Virus
mosaic_virus626.jpg,Mosaic Virus
mosaic_virus627.jpg,Mosaic Virus
mosaic_virus628.jpg,Mosaic Virus
mosaic_virus629.jpg,Mosaic Virus
mosaic_virus630.jpg,Mosaic Virus
mosaic_virus631.jpg,Mosaic Virus
mosaic_virus632.jpg,Mosaic Virus
mosaic_virus633.jpg,Mosaic Virus
mosaic_virus634.jpg,Mosaic Virus
mosaic_virus635.jpg,Mosaic Virus
mosaic_virus636.jpg,Mosaic Virus
mosaic_virus637.jpg,Mosaic Virus
mosaic_virus638.jpg,Mosaic Virus
mosaic_virus639.jpg,Mosaic Virus
mosaic_virus640.jpg,Mosaic Virus
mosaic_virus641.jpg,Mosaic Virus
mosaic_virus642.jpg,Mosaic Virus
mosaic_virus643.jpg,Mosaic Virus
mosaic_virus644.jpg,Mosaic Virus
mosaic_virus645.jpg,Mosaic Virus
mosaic_virus646.jpg,Mosaic Virus
mosaic_virus647.jpg,Mosaic Virus
mosaic_virus648.jpg,Mosaic Virus
mosaic_virus705.jpg,Mosaic Virus
mosaic_virus706.jpg,Mosaic Virus
mosaic_virus708.jpg,Mosaic Virus
mosaic_virus710.jpg,Mosaic Virus
mosaic_virus711.jpg,Mosaic Virus
mosaic_virus712.jpg,Mosaic Virus
mosaic_virus713.jpg,Mosaic Virus
mosaic_virus715.jpg,Mosaic Virus
mosaic_virus716.jpg,Mosaic Virus
mosaic_virus717.jpg,Mosaic Virus
mosaic_virus718.jpg,Mosaic Virus
mosaic_virus719.jpg,Mosaic Virus
mosaic_virus720.jpg,Mosaic Virus
mosaic_virus721.jpg,Mosaic Virus
mosaic_virus722.jpg,Mosaic Virus
mosaic_virus723.jpg,Mosaic Virus
mosaic_virus724.jpg,Mosaic Virus
mosaic_virus726.jpg,Mosaic Virus
mosaic_virus727.jpg,Mosaic Virus
mosaic_virus729.jpg,Mosaic Virus
mosaic_virus731.jpg,Mosaic Virus
mosaic_virus732.jpg,Mosaic Virus
mosaic_virus733.jpg,Mosaic Virus
mosaic_virus734.jpg,Mosaic Virus
mosaic_virus735.jpg,Mosaic Virus
mosaic_virus736.jpg,Mosaic Virus
mosaic_virus737.jpg,Mosaic Virus
mosaic_virus738.jpg,Mosaic Virus
mosaic_virus739.jpg,Mosaic Virus
mosaic_virus740.jpg,Mosaic Virus
mosaic_virus741.jpg,Mosaic Virus
mosaic_virus742.jpg,Mosaic Virus
mosaic_virus744.jpg,Mosaic Virus
mosaic_virus745.jpg,Mosaic Virus
mosaic_virus747.jpg,Mosaic Virus
mosaic_virus748.jpg,Mosaic Virus
mosaic_virus749.jpg,Mosaic Virus
mosaic_virus750.jpg,Mosaic Virus
mosaic_virus751.jpg,Mosaic Virus
mosaic_virus752.jpg,Mosaic Virus
mosaic_virus754.jpg,Mosaic Virus
mosaic_virus755.jpg,Mosaic Virus
mosaic_virus756.jpg,Mosaic Virus
mosaic_virus758.jpg,Mosaic Virus
mosaic_virus759.jpg,Mosaic Virus
mosaic_virus760.jpg,Mosaic Virus
mosaic_virus761.jpg,Mosaic Virus
mosaic_virus762.jpg,Mosaic Virus
mosaic_virus763.jpg,Mosaic Virus
mosaic_virus764.jpg,Mosaic Virus
mosaic_virus765.jpg,Mosaic Virus
mosaic_virus766.jpg,Mosaic Virus
mosaic_virus767.jpg,Mosaic Virus
mosaic_virus768.jpg,Mosaic Virus
mosaic_virus769.jpg,Mosaic Virus
mosaic_virus770.jpg,Mosaic Virus
mosaic_virus771.jpg,Mosaic Virus
mosaic_virus772.jpg,Mosaic Virus
mosaic_virus773.jpg,Mosaic Virus
mosaic_virus774.jpg,Mosaic Virus
mosaic_virus775.jpg,Mosaic Virus
mosaic_virus776.jpg,Mosaic Virus
mosaic_virus777.jpg,Mosaic Virus
mosaic_virus778.jpg,Mosaic Virus
mosaic_virus779.jpg,Mosaic Virus
mosaic_virus780.jpg,Mosaic Virus
mosaic_virus781.jpg,Mosaic Virus
mosaic_virus782.jpg,Mosaic Virus
mosaic_virus783.jpg,Mosaic Virus
mosaic_virus784.jpg,Mosaic Virus
mosaic_virus785.jpg,Mosaic Virus
mosaic_virus786.jpg,Mosaic Virus
mosaic_virus787.jpg,Mosaic Virus
mosaic_virus788.jpg,Mosaic Virus
mosaic_virus789.jpg,Mosaic Virus
mosaic_virus790.jpg,Mosaic Virus
mosaic_virus791.jpg,Mosaic Virus
mosaic_virus792.jpg,Mosaic Virus
Positive_GrayMold_1.jpeg,Grey Mold
Positive_GrayMold_10.jpeg,Grey Mold
Positive_GrayMold_101.jpeg,Grey Mold
Positive_GrayMold_102.jpeg,Grey Mold
Positive_GrayMold_103.jpeg,Grey Mold
Positive_GrayMold_107.jpeg,Grey Mold
Positive_GrayMold_109.jpeg,Grey Mold
Positive_GrayMold_11.jpeg,Grey Mold
Positive_GrayMold_111.jpeg,Grey Mold
Positive_GrayMold_112.jpeg,Grey Mold
Positive_GrayMold_114.jpeg,Grey Mold
Positive_GrayMold_115.jpeg,Grey Mold
Positive_GrayMold_116.jpeg,Grey Mold
Positive_GrayMold_117.jpeg,Grey Mold
Positive_GrayMold_12.jpeg,Grey Mold
Positive_GrayMold_120.jpeg,Grey Mold
Positive_GrayMold_121.jpeg,Grey Mold
Positive_GrayMold_122.jpeg,Grey Mold
Positive_GrayMold_124.jpeg,Grey Mold
Positive_GrayMold_126.jpeg,Grey Mold
Positive_GrayMold_127.jpeg,Grey Mold
Positive_GrayMold_128.jpeg,Grey Mold
Positive_GrayMold_129.jpeg,Grey Mold
Positive_GrayMold_130.jpeg,Grey Mold
Positive_GrayMold_131.jpeg,Grey Mold
Positive_GrayMold_134.jpeg,Grey Mold
Positive_GrayMold_135.jpeg,Grey Mold
Positive_GrayMold_137.jpeg,Grey Mold
Positive_GrayMold_14.jpeg,Grey Mold
Positive_GrayMold_140.jpeg,Grey Mold
Positive_GrayMold_141.jpeg,Grey Mold
Positive_GrayMold_143.jpeg,Grey Mold
Positive_GrayMold_146.jpeg,Grey Mold
Positive_GrayMold_149.jpeg,Grey Mold
Positive_GrayMold_15.jpeg,Grey Mold
Positive_GrayMold_151.jpeg,Grey Mold
Positive_GrayMold_152.jpeg,Grey Mold
Positive_GrayMold_154.jpeg,Grey Mold
Positive_GrayMold_157.jpeg,Grey Mold
Positive_GrayMold_158.jpeg,Grey Mold
Positive_GrayMold_16.jpeg,Grey Mold
Positive_GrayMold_160.jpeg,Grey Mold
Positive_GrayMold_162.jpeg,Grey Mold
Positive_GrayMold_163.jpeg,Grey Mold
Positive_GrayMold_164.jpeg,Grey Mold
Positive_GrayMold_165.jpeg,Grey Mold
Positive_GrayMold_17.jpeg,Grey Mold
Positive_GrayMold_170.jpeg,Grey Mold
Positive_GrayMold_173.jpeg,Grey Mold
Positive_GrayMold_174.jpeg,Grey Mold
Positive_GrayMold_175.jpeg,Grey Mold
Positive_GrayMold_179.jpeg,Grey Mold
Positive_GrayMold_18.jpeg,Grey Mold
Positive_GrayMold_181.jpeg,Grey Mold
Positive_GrayMold_182.jpeg,Grey Mold
Positive_GrayMold_183.jpeg,Grey Mold
Positive_GrayMold_184.jpeg,Grey Mold
Positive_GrayMold_185.jpeg,Grey Mold
Positive_GrayMold_186.jpeg,Grey Mold
Positive_GrayMold_189.jpeg,Grey Mold
Positive_GrayMold_190.jpeg,Grey Mold
Positive_GrayMold_191.jpeg,Grey Mold
Positive_GrayMold_194.jpeg,Grey Mold
Positive_GrayMold_195.jpeg,Grey Mold
Positive_GrayMold_196.jpeg,Grey Mold
Positive_GrayMold_198.jpeg,Grey Mold
Positive_GrayMold_199.jpeg,Grey Mold
Positive_GrayMold_20.jpeg,Grey Mold
Positive_GrayMold_200.jpeg,Grey Mold
Positive_GrayMold_201.jpeg,Grey Mold
Positive_GrayMold_202.jpeg,Grey Mold
Positive_GrayMold_205.jpeg,Grey Mold
Positive_GrayMold_206.jpeg,Grey Mold
Positive_GrayMold_210.jpeg,Grey Mold
Positive_GrayMold_211.jpeg,Grey Mold
Positive_GrayMold_213.jpeg,Grey Mold
Positive_GrayMold_214.jpeg,Grey Mold
Positive_GrayMold_216.jpeg,Grey Mold
Positive_GrayMold_224.jpeg,Grey Mold
Positive_GrayMold_225.jpeg,Grey Mold
Positive_GrayMold_23.jpeg,Grey Mold
Positive_GrayMold_230.jpeg,Grey Mold
Positive_GrayMold_231.jpeg,Grey Mold
Positive_GrayMold_232.jpeg,Grey Mold
Positive_GrayMold_233.jpeg,Grey Mold
Positive_GrayMold_234.jpeg,Grey Mold
Positive_GrayMold_235.jpeg,Grey Mold
Positive_GrayMold_237.jpeg,Grey Mold
Positive_GrayMold_238.jpeg,Grey Mold
Positive_GrayMold_239.jpeg,Grey Mold
Positive_GrayMold_242.jpeg,Grey Mold
Positive_GrayMold_243.jpeg,Grey Mold
Positive_GrayMold_245.jpeg,Grey Mold
Positive_GrayMold_246.jpeg,Grey Mold
Positive_GrayMold_247.jpeg,Grey Mold
Positive_GrayMold_248.jpeg,Grey Mold
Positive_GrayMold_250.jpeg,Grey Mold
Positive_GrayMold_251.jpeg,Grey Mold
Positive_GrayMold_252.jpeg,Grey Mold
Positive_GrayMold_254.jpeg,Grey Mold
Positive_GrayMold_255.jpeg,Grey Mold
Positive_GrayMold_257.jpeg,Grey Mold
Positive_GrayMold_260.jpeg,Grey Mold
Positive_GrayMold_262.jpeg,Grey Mold
Positive_GrayMold_263.jpeg,Grey Mold
Positive_GrayMold_264.jpeg,Grey Mold
Positive_GrayMold_265.jpeg,Grey Mold
Positive_GrayMold_267.jpeg,Grey Mold
Positive_GrayMold_268.jpeg,Grey Mold
Positive_GrayMold_269.jpeg,Grey Mold
Positive_GrayMold_27.jpeg,Grey Mold
Positive_GrayMold_270.jpeg,Grey Mold
Positive_GrayMold_271.jpeg,Grey Mold
Positive_GrayMold_273.jpeg,Grey Mold
Positive_GrayMold_275.jpeg,Grey Mold
Positive_GrayMold_277.jpeg,Grey Mold
Positive_GrayMold_278.jpeg,Grey Mold
Positive_GrayMold_279.jpeg,Grey Mold
Positive_GrayMold_28.jpeg,Grey Mold
Positive_GrayMold_3.jpeg,Grey Mold
Positive_GrayMold_31.jpeg,Grey Mold
Positive_GrayMold_32.jpeg,Grey Mold
Positive_GrayMold_34.jpeg,Grey Mold
Positive_GrayMold_35.jpeg,Grey Mold
Positive_GrayMold_36.jpeg,Grey Mold
Positive_GrayMold_38.jpeg,Grey Mold
Positive_GrayMold_39.jpeg,Grey Mold
Positive_GrayMold_4.jpeg,Grey Mold
Positive_GrayMold_40.jpeg,Grey Mold
Positive_GrayMold_44.jpeg,Grey Mold
Positive_GrayMold_46.jpeg,Grey Mold
Positive_GrayMold_48.jpeg,Grey Mold
Positive_GrayMold_49.jpeg,Grey Mold
Positive_GrayMold_51.jpeg,Grey Mold
Positive_GrayMold_54.jpeg,Grey Mold
Positive_GrayMold_56.jpeg,Grey Mold
Positive_GrayMold_58.jpeg,Grey Mold
Positive_GrayMold_6.jpeg,Grey Mold
Positive_GrayMold_61.jpeg,Grey Mold
Positive_GrayMold_62.jpeg,Grey Mold
Positive_GrayMold_63.jpeg,Grey Mold
Positive_GrayMold_64.jpeg,Grey Mold
Positive_GrayMold_65.jpeg,Grey Mold
Positive_GrayMold_66.jpeg,Grey Mold
Positive_GrayMold_67.jpeg,Grey Mold
Positive_GrayMold_68.jpeg,Grey Mold
Positive_GrayMold_69.jpeg,Grey Mold
Positive_GrayMold_7.jpeg,Grey Mold
Positive_GrayMold_70.jpeg,Grey Mold
Positive_GrayMold_75.jpeg,Grey Mold
Positive_GrayMold_76.jpeg,Grey Mold
Positive_GrayMold_77.jpeg,Grey Mold
Positive_GrayMold_79.jpeg,Grey Mold
Positive_GrayMold_8.jpeg,Grey Mold
Positive_GrayMold_80.jpeg,Grey Mold
Positive_GrayMold_82.jpeg,Grey Mold
Positive_GrayMold_83.jpeg,Grey Mold
Positive_GrayMold_85.jpeg,Grey Mold
Positive_GrayMold_87.jpeg,Grey Mold
Positive_GrayMold_88.jpeg,Grey Mold
Positive_GrayMold_9.jpeg,Grey Mold
Positive_GrayMold_90.jpeg,Grey Mold
Positive_GrayMold_91.jpeg,Grey Mold
Positive_GrayMold_93.jpeg,Grey Mold
Positive_GrayMold_94.jpeg,Grey Mold
Positive_GrayMold_97.jpeg,Grey Mold
Positive_GrayMold_98.jpeg,Grey Mold
Positive_GrayMold_99.jpeg,Grey Mold
mosaic_virus603.jpg,Mosaic Virus
mosaic_virus604.jpg,Mosaic Virus
mosaic_virus605.jpg,Mosaic Virus
mosaic_virus606.jpg,Mosaic Virus
mosaic_virus607.jpg,Mosaic Virus
mosaic_virus608.jpg,Mosaic Virus
mosaic_virus609.jpg,Mosaic Virus
mosaic_virus610.jpg,Mosaic Virus
mosaic_virus611.jpg,Mosaic Virus
mosaic_virus612.jpg,Mosaic Virus
mosaic_virus613.jpg,Mosaic Virus
mosaic_virus614.jpg,Mosaic Virus
mosaic_virus615.jpg,Mosaic Virus
mosaic_virus616.jpg,Mosaic Virus
mosaic_virus617.jpg,Mosaic Virus
mosaic_virus618.jpg,Mosaic Virus
mosaic_virus619.jpg,Mosaic Virus
mosaic_virus620.jpg,Mosaic Virus
mosaic_virus621.jpg,Mosaic Virus
mosaic_virus622.jpg,Mosaic Virus
mosaic_virus623.jpg,Mosaic Virus
mosaic_virus624.jpg,Mosaic Virus
mosaic_virus625.jpg,Mosaic Virus
mosaic_virus626.jpg,Mosaic Virus
mosaic_virus627.jpg,Mosaic Virus
mosaic_virus628.jpg,Mosaic Virus
mosaic_virus629.jpg,Mosaic Virus
mosaic_virus630.jpg,Mosaic Virus
mosaic_virus631.jpg,Mosaic Virus
mosaic_virus632.jpg,Mosaic Virus
mosaic_virus633.jpg,Mosaic Virus
mosaic_virus634.jpg,Mosaic Virus
mosaic_virus635.jpg,Mosaic Virus
mosaic_virus636.jpg,Mosaic Virus
mosaic_virus637.jpg,Mosaic Virus
mosaic_virus638.jpg,Mosaic Virus
mosaic_virus639.jpg,Mosaic Virus
mosaic_virus640.jpg,Mosaic Virus
mosaic_virus641.jpg,Mosaic Virus
mosaic_virus642.jpg,Mosaic Virus
mosaic_virus643.jpg,Mosaic Virus
mosaic_virus644.jpg,Mosaic Virus
mosaic_virus645.jpg,Mosaic Virus
mosaic_virus646.jpg,Mosaic Virus
mosaic_virus647.jpg,Mosaic Virus
mosaic_virus648.jpg,Mosaic Virus
mosaic_virus705.jpg,Mosaic Virus
mosaic_virus706.jpg,Mosaic Virus
mosaic_virus708.jpg,Mosaic Virus
mosaic_virus710.jpg,Mosaic Virus
mosaic_virus711.jpg,Mosaic Virus
mosaic_virus712.jpg,Mosaic Virus
mosaic_virus713.jpg,Mosaic Virus
mosaic_virus715.jpg,Mosaic Virus
mosaic_virus716.jpg,Mosaic Virus
mosaic_virus717.jpg,Mosaic Virus
mosaic_virus718.jpg,Mosaic Virus
mosaic_virus719.jpg,Mosaic Virus
mosaic_virus720.jpg,Mosaic Virus
mosaic_virus721.jpg,Mosaic Virus
mosaic_virus722.jpg,Mosaic Virus
mosaic_virus723.jpg,Mosaic Virus
mosaic_virus724.jpg,Mosaic Virus
mosaic_virus726.jpg,Mosaic Virus
mosaic_virus727.jpg,Mosaic Virus
mosaic_virus729.jpg,Mosaic Virus
mosaic_virus731.jpg,Mosaic Virus
mosaic_virus732.jpg,Mosaic Virus
mosaic_virus733.jpg,Mosaic Virus
mosaic_virus734.jpg,Mosaic Virus
mosaic_virus735.jpg,Mosaic Virus
mosaic_virus736.jpg,Mosaic Virus
mosaic_virus737.jpg,Mosaic Virus
mosaic_virus738.jpg,Mosaic Virus
mosaic_virus739.jpg,Mosaic Virus
mosaic_virus740.jpg,Mosaic Virus
mosaic_virus741.jpg,Mosaic Virus
mosaic_virus742.jpg,Mosaic Virus
mosaic_virus744.jpg,Mosaic Virus
mosaic_virus745.jpg,Mosaic Virus
mosaic_virus747.jpg,Mosaic Virus
mosaic_virus748.jpg,Mosaic Virus
mosaic_virus749.jpg,Mosaic Virus
mosaic_virus750.jpg,Mosaic Virus
mosaic_virus751.jpg,Mosaic Virus
mosaic_virus752.jpg,Mosaic Virus
mosaic_virus754.jpg,Mosaic Virus
mosaic_virus755.jpg,Mosaic Virus
mosaic_virus756.jpg,Mosaic Virus
mosaic_virus758.jpg,Mosaic Virus
mosaic_virus759.jpg,Mosaic Virus
mosaic_virus760.jpg,Mosaic Virus
mosaic_virus761.jpg,Mosaic Virus
mosaic_virus762.jpg,Mosaic Virus
mosaic_virus763.jpg,Mosaic Virus
mosaic_virus764.jpg,Mosaic Virus
mosaic_virus765.jpg,Mosaic Virus
mosaic_virus766.jpg,Mosaic Virus
mosaic_virus767.jpg,Mosaic Virus
mosaic_virus768.jpg,Mosaic Virus
mosaic_virus769.jpg,Mosaic Virus
mosaic_virus770.jpg,Mosaic Virus
mosaic_virus771.jpg,Mosaic Virus
mosaic_virus772.jpg,Mosaic Virus
mosaic_virus773.jpg,Mosaic Virus
mosaic_virus774.jpg,Mosaic Virus
mosaic_virus775.jpg,Mosaic Virus
mosaic_virus776.jpg,Mosaic Virus
mosaic_virus777.jpg,Mosaic Virus
mosaic_virus778.jpg,Mosaic Virus
mosaic_virus779.jpg,Mosaic Virus
mosaic_virus780.jpg,Mosaic Virus
mosaic_virus781.jpg,Mosaic Virus
mosaic_virus782.jpg,Mosaic Virus
mosaic_virus783.jpg,Mosaic Virus
mosaic_virus784.jpg,Mosaic Virus
mosaic_virus785.jpg,Mosaic Virus
mosaic_virus786.jpg,Mosaic Virus
mosaic_virus787.jpg,Mosaic Virus
mosaic_virus788.jpg,Mosaic Virus
mosaic_virus789.jpg,Mosaic Virus
mosaic_virus790.jpg,Mosaic Virus
mosaic_virus791.jpg,Mosaic Virus
mosaic_virus792.jpg,Mosaic Virus
Positive_GrayMold_1.jpeg,Grey Mold
Positive_GrayMold_10.jpeg,Grey Mold
Positive_GrayMold_101.jpeg,Grey Mold
Positive_GrayMold_102.jpeg,Grey Mold
Positive_GrayMold_103.jpeg,Grey Mold
Positive_GrayMold_107.jpeg,Grey Mold
Positive_GrayMold_109.jpeg,Grey Mold
Positive_GrayMold_11.jpeg,Grey Mold
Positive_GrayMold_111.jpeg,Grey Mold
Positive_GrayMold_112.jpeg,Grey Mold
Positive_GrayMold_114.jpeg,Grey Mold
Positive_GrayMold_115.jpeg,Grey Mold
Positive_GrayMold_116.jpeg,Grey Mold
Positive_GrayMold_117.jpeg,Grey Mold
Positive_GrayMold_12.jpeg,Grey Mold
Positive_GrayMold_120.jpeg,Grey Mold
Positive_GrayMold_121.jpeg,Grey Mold
Positive_GrayMold_122.jpeg,Grey Mold
Positive_GrayMold_124.jpeg,Grey Mold
Positive_GrayMold_126.jpeg,Grey Mold
Positive_GrayMold_127.jpeg,Grey Mold
Positive_GrayMold_128.jpeg,Grey Mold
Positive_GrayMold_129.jpeg,Grey Mold
Positive_GrayMold_130.jpeg,Grey Mold
Positive_GrayMold_131.jpeg,Grey Mold
Positive_GrayMold_134.jpeg,Grey Mold
Positive_GrayMold_135.jpeg,Grey Mold
Positive_GrayMold_137.jpeg,Grey Mold
Positive_GrayMold_14.jpeg,Grey Mold
Positive_GrayMold_140.jpeg,Grey Mold
Positive_GrayMold_141.jpeg,Grey Mold
Positive_GrayMold_143.jpeg,Grey Mold
Positive_GrayMold_146.jpeg,Grey Mold
Positive_GrayMold_149.jpeg,Grey Mold
Positive_GrayMold_15.jpeg,Grey Mold
Positive_GrayMold_151.jpeg,Grey Mold
Positive_GrayMold_152.jpeg,Grey Mold
Positive_GrayMold_154.jpeg,Grey Mold
Positive_GrayMold_157.jpeg,Grey Mold
Positive_GrayMold_158.jpeg,Grey Mold
Positive_GrayMold_16.jpeg,Grey Mold
Positive_GrayMold_160.jpeg,Grey Mold
Positive_GrayMold_162.jpeg,Grey Mold
Positive_GrayMold_163.jpeg,Grey Mold
Positive_GrayMold_164.jpeg,Grey Mold
Positive_GrayMold_165.jpeg,Grey Mold
Positive_GrayMold_17.jpeg,Grey Mold
Positive_GrayMold_170.jpeg,Grey Mold
Positive_GrayMold_173.jpeg,Grey Mold
Positive_GrayMold_174.jpeg,Grey Mold
Positive_GrayMold_175.jpeg,Grey Mold
Positive_GrayMold_179.jpeg,Grey Mold
Positive_GrayMold_18.jpeg,Grey Mold
Positive_GrayMold_181.jpeg,Grey Mold
Positive_GrayMold_182.jpeg,Grey Mold
Positive_GrayMold_183.jpeg,Grey Mold
Positive_GrayMold_184.jpeg,Grey Mold
Positive_GrayMold_185.jpeg,Grey Mold
Positive_GrayMold_186.jpeg,Grey Mold
Positive_GrayMold_189.jpeg,Grey Mold
Positive_GrayMold_190.jpeg,Grey Mold
Positive_GrayMold_191.jpeg,Grey Mold
Positive_GrayMold_194.jpeg,Grey Mold
Positive_GrayMold_195.jpeg,Grey Mold
Positive_GrayMold_196.jpeg,Grey Mold
Positive_GrayMold_198.jpeg,Grey Mold
Positive_GrayMold_199.jpeg,Grey Mold
Positive_GrayMold_20.jpeg,Grey Mold
Positive_GrayMold_200.jpeg,Grey Mold
Positive_GrayMold_201.jpeg,Grey Mold
Positive_GrayMold_202.jpeg,Grey Mold
Positive_GrayMold_205.jpeg,Grey Mold
Positive_GrayMold_206.jpeg,Grey Mold
Positive_GrayMold_210.jpeg,Grey Mold
Positive_GrayMold_211.jpeg,Grey Mold
Positive_GrayMold_213.jpeg,Grey Mold
Positive_GrayMold_214.jpeg,Grey Mold
Positive_GrayMold_216.jpeg,Grey Mold
Positive_GrayMold_224.jpeg,Grey Mold
Positive_GrayMold_225.jpeg,Grey Mold
Positive_GrayMold_23.jpeg,Grey Mold
Positive_GrayMold_230.jpeg,Grey Mold
Positive_GrayMold_231.jpeg,Grey Mold
Positive_GrayMold_232.jpeg,Grey Mold
Positive_GrayMold_233.jpeg,Grey Mold
Positive_GrayMold_234.jpeg,Grey Mold
Positive_GrayMold_235.jpeg,Grey Mold
Positive_GrayMold_237.jpeg,Grey Mold
Positive_GrayMold_238.jpeg,Grey Mold
Positive_GrayMold_239.jpeg,Grey Mold
Positive_GrayMold_242.jpeg,Grey Mold
Positive_GrayMold_243.jpeg,Grey Mold
Positive_GrayMold_245.jpeg,Grey Mold
Positive_GrayMold_246.jpeg,Grey Mold
Positive_GrayMold_247.jpeg,Grey Mold
Positive_GrayMold_248.jpeg,Grey Mold
Positive_GrayMold_250.jpeg,Grey Mold
Positive_GrayMold_251.jpeg,Grey Mold
Positive_GrayMold_252.jpeg,Grey Mold
Positive_GrayMold_254.jpeg,Grey Mold
Positive_GrayMold_255.jpeg,Grey Mold
Positive_GrayMold_257.jpeg,Grey Mold
Positive_GrayMold_260.jpeg,Grey Mold
Positive_GrayMold_262.jpeg,Grey Mold
Positive_GrayMold_263.jpeg,Grey Mold
Positive_GrayMold_264.jpeg,Grey Mold
Positive_GrayMold_265.jpeg,Grey Mold
Positive_GrayMold_267.jpeg,Grey Mold
Positive_GrayMold_268.jpeg,Grey Mold
Positive_GrayMold_269.jpeg,Grey Mold
Positive_GrayMold_27.jpeg,Grey Mold
Positive_GrayMold_270.jpeg,Grey Mold
Positive_GrayMold_271.jpeg,Grey Mold
Positive_GrayMold_273.jpeg,Grey Mold
Positive_GrayMold_275.jpeg,Grey Mold
Positive_GrayMold_277.jpeg,Grey Mold
Positive_GrayMold_278.jpeg,Grey Mold
Positive_GrayMold_279.jpeg,Grey Mold
Positive_GrayMold_28.jpeg,Grey Mold
Positive_GrayMold_3.jpeg,Grey Mold
Positive_GrayMold_31.jpeg,Grey Mold
Positive_GrayMold_32.jpeg,Grey Mold
Positive_GrayMold_34.jpeg,Grey Mold
Positive_GrayMold_35.jpeg,Grey Mold
Positive_GrayMold_36.jpeg,Grey Mold
Positive_GrayMold_38.jpeg,Grey Mold
Positive_GrayMold_39.jpeg,Grey Mold
Positive_GrayMold_4.jpeg,Grey Mold
Positive_GrayMold_40.jpeg,Grey Mold
Positive_GrayMold_44.jpeg,Grey Mold
Positive_GrayMold_46.jpeg,Grey Mold
Positive_GrayMold_48.jpeg,Grey Mold
Positive_GrayMold_49.jpeg,Grey Mold
Positive_GrayMold_51.jpeg,Grey Mold
Positive_GrayMold_54.jpeg,Grey Mold
Positive_GrayMold_56.jpeg,Grey Mold
Positive_GrayMold_58.jpeg,Grey Mold
Positive_GrayMold_6.jpeg,Grey Mold
Positive_GrayMold_61.jpeg,Grey Mold
Positive_GrayMold_62.jpeg,Grey Mold
Positive_GrayMold_63.jpeg,Grey Mold
Positive_GrayMold_64.jpeg,Grey Mold
Positive_GrayMold_65.jpeg,Grey Mold
Positive_GrayMold_66.jpeg,Grey Mold
Positive_GrayMold_67.jpeg,Grey Mold
Positive_GrayMold_68.jpeg,Grey Mold
Positive_GrayMold_69.jpeg,Grey Mold
Positive_GrayMold_7.jpeg,Grey Mold
Positive_GrayMold_70.jpeg,Grey Mold
Positive_GrayMold_75.jpeg,Grey Mold
Positive_GrayMold_76.jpeg,Grey Mold
Positive_GrayMold_77.jpeg,Grey Mold
Positive_GrayMold_79.jpeg,Grey Mold
Positive_GrayMold_8.jpeg,Grey Mold
Positive_GrayMold_80.jpeg,Grey Mold
Positive_GrayMold_82.jpeg,Grey Mold
Positive_GrayMold_83.jpeg,Grey Mold
Positive_GrayMold_85.jpeg,Grey Mold
Positive_GrayMold_87.jpeg,Grey Mold
Positive_GrayMold_88.jpeg,Grey Mold
Positive_GrayMold_9.jpeg,Grey Mold
Positive_GrayMold_90.jpeg,Grey Mold
Positive_GrayMold_91.jpeg,Grey Mold
Positive_GrayMold_93.jpeg,Grey Mold
Positive_GrayMold_94.jpeg,Grey Mold
Positive_GrayMold_97.jpeg,Grey Mold
Positive_GrayMold_98.jpeg,Grey Mold
Positive_GrayMold_99.jpeg,Grey Mold
